,count,mean,std,min,20%,50%,75%,max
tech_score,3057.0,54.2834296514375,30.55096284301945,0.0,25.0,55.55555555555555,80.55555555555556,100.0
tech_signal_mean,3057.0,54.128697602691716,29.82245103783465,0.0,21.428571428571427,57.14285714285714,78.57142857142857,100.0
ma_gap_20_60,2998.0,0.02186782135904909,0.08216440650484212,-0.17780570517723682,-0.04104679780819114,0.008419310117034673,0.0718382506810914,0.32354299233512585
mom20,3037.0,0.029195503985920745,0.13235285122629684,-0.3771765336190731,-0.06866404950148583,0.013760481616856612,0.09231193166161478,0.8838582677165352
mom60,2997.0,0.09054655227081582,0.25372081046249867,-0.49261406183125767,-0.09922818702453369,0.03605114231817197,0.20709219858156014,1.454705675008812
rsi14,3043.0,51.59311098398005,12.216078725464078,15.152894723245055,41.38140179448238,51.408589776392326,59.71078626381069,89.0219742901486
macd_hist,3057.0,0.010669919042142269,6.350616254115672,-38.183510670015636,-3.1267848517434342,0.06060472673608075,2.055987203906284,40.60881198200994
boll_pctB,3038.0,0.5265904515619668,0.32528026323204395,-0.40355912267245986,0.21415444119614577,0.5333590511441366,0.7879263865079558,1.383605309942869
volatility20,3037.0,0.4060056597182288,0.1896131001572443,0.0974634994397655,0.24177567017572243,0.3806855933430208,0.5065176379711188,1.4043835557308066
vol_ratio_20_60,2998.0,1.0214988138461758,0.23789098313757245,0.4326530236971357,0.8302615564971146,0.9864948978000184,1.1565413889888672,1.9187141977680362
turnover_ma20,3038.0,1.5606884463462805,1.3268841385901669,0.2875,0.7536999999999999,1.185,1.623875,14.279499999999999
excess_ret20,3037.0,0.0226353146994172,0.12059776788782553,-0.5553712676457723,-0.06283277823581887,0.007714123374965132,0.08130228878862544,0.8282050397965561
ret,3056.0,0.0014615816156760986,0.02882306550329863,-0.10006373486297,-0.0167698143341985,0.0,0.013297905360591101,0.1001447178002894
