分组,指标,天数,未来1日%,未来5日%,未来10日%,未来20日%,未来60日%
Q1,tech_score,617,0.0845783628255629,0.7633083090055505,1.5607328345415017,2.8998917222118625,9.941827279260725
Q2,tech_score,554,0.1815362584645672,0.5877429646365728,1.1027442713558906,1.551493724602163,4.113694952358906
Q3,tech_score,533,0.1732709624316175,0.7197057684589259,0.8073036282844019,1.9723050142837915,5.845673203067979
Q4,tech_score,623,0.017166939704744685,0.41210154613867334,1.3534067236338165,2.9260862838944734,10.37877101863157
Q5,tech_score,480,0.30078268526893254,1.248464853322658,2.492330174068692,5.017058988186799,9.789835751894973
Q1,score_mom_60,562,0.29674918577529935,1.208421257878401,2.746113559362983,5.179330329843101,10.795989405274034
Q2,score_mom_60,561,0.010773893694856887,0.4110621365521323,0.5597079259160098,1.5651747594602665,4.03603520626791
Q3,score_mom_60,561,0.04248705542445048,-0.004933706852698153,0.17052917968574685,0.14035996437320528,2.710922370951051
Q4,score_mom_60,561,0.02873954452503015,0.6885245325013046,1.283712686418586,2.682923545923013,11.067100696588733
Q5,score_mom_60,562,0.3332032057577225,1.3216858213361187,2.455490640942571,4.62606216081779,12.101736880578112
Q1,score_ma_gap,563,0.23567182963699423,1.1741407921990652,2.1920318714749762,4.3646583981910165,10.188701552370903
Q2,score_ma_gap,560,-0.03308217412721121,-0.01950875370705739,0.2622677251110647,1.5649602554806563,5.334435766170314
Q3,score_ma_gap,561,0.1246159459671497,0.7177095537516198,1.3449327224308585,1.4408231056993241,3.0068085841661034
Q4,score_ma_gap,561,0.20397022880720422,0.5641107073279003,0.8404542831004187,1.0614552921798395,8.268610776683282
Q5,score_ma_gap,562,0.18099054277137325,1.1853752505152586,2.55697814633132,5.650291389573839,13.872685469628152
Q1,rsi14,562,0.12131405598234775,1.0570403605788334,1.861328746059894,3.1863412903221833,8.158765882179383
Q2,rsi14,561,0.10606771002299364,0.3452354677099886,0.9637573946743502,1.9082836631137718,5.845145023352395
Q3,rsi14,561,0.08650933419853225,0.7693756889070029,1.4720866489433322,2.4962646478202575,6.060786575295688
Q4,rsi14,561,0.17003895296492139,0.3550513534811443,0.9225806873662723,2.7005261739499837,9.093159103542932
Q5,rsi14,562,0.22877357028611234,1.097214602122413,1.9893668063979106,3.868367304216743,11.571136357303203
Q1,macd_hist,562,0.00609899970583345,0.2884164005536349,1.1006252451820755,1.7954421610524327,4.2788344119940565
Q2,macd_hist,561,0.24757199159432158,1.4987277024486312,1.95299985293516,3.5982975666119694,11.518302195310675
Q3,macd_hist,561,0.21287674191964234,1.1946775588867686,2.5609802552616285,4.314010134191555,11.200135239433566
Q4,macd_hist,561,0.18618676318965627,0.4777152824631597,1.2502044068189695,3.2340367789600455,9.872516708075162
Q5,macd_hist,562,0.06061245896386405,0.1696653560055013,0.34885276897511014,1.1988776923284001,3.7552899366293175
