分组,指标,天数,未来1日收益%,未来5日收益%,未来10日收益%,未来20日收益%,未来60日收益%
Q1(信号=0),sig_ma_5_20,1349,0.18250543874825287,1.09374571048512,1.627116088375629,3.00941993506582,7.813348733678298
Q2(信号=1),sig_ma_5_20,1458,0.10561690672075562,0.3858598304243259,1.2731047257562729,2.666708938198172,8.4487907850747
Q1(信号=0),sig_ma_10_60,1310,0.15868404786726614,0.7825386013724017,1.3951368785640128,2.6452534033418784,6.762362722809286
Q2(信号=1),sig_ma_10_60,1497,0.12842959807846788,0.6752361259067171,1.4848512739031574,2.99689322896409,9.383070997344529
Q1(信号=0),sig_ma_20_120,1262,0.10086689225703191,0.5629161738526529,1.0692795087206193,2.0861403685407813,6.462516842393979
Q2(信号=1),sig_ma_20_120,1545,0.1766274374372619,0.8585569196419612,1.7499494561611921,3.4476213976591716,9.482162571050427
Q1(信号=0),sig_ma_60_250,1021,0.07109229926596573,0.4427135534433475,0.9299963625653582,1.9411140130538185,9.29174545109307
Q2(信号=1),sig_ma_60_250,1786,0.1833665376149057,0.8862155080359615,1.733133724893211,3.3307044403644737,7.5202383927690715
Q1(信号=0),sig_mom_20,1268,0.0903335395759842,0.5355394729539737,1.1466262899830582,2.255888647228256,6.858847131834564
Q2(信号=1),sig_mom_20,1539,0.1856071867679835,0.8818912076112873,1.687768956299347,3.3108075149025957,9.22553178337219
Q1(信号=0),sig_mom_60,1239,0.18757212433238435,0.749063490501374,1.4775137966584484,2.8159254848350637,6.7076078154910785
Q2(信号=1),sig_mom_60,1568,0.10695910617975904,0.7066463230450838,1.4152526066450797,2.8441612285834488,9.275959302979334
Q1(信号=0),sig_mom_120,1201,0.11604503815984264,0.5828715747795855,1.2094636977137985,2.436026983547438,7.145093375017572
Q2(信号=1),sig_mom_120,1606,0.162361603760707,0.8315463662604508,1.6161510451950183,3.122934182557477,8.847860756209304
Q1(信号=0),sig_mom_250,932,0.10239231519012111,0.6390441355617752,1.3254200039810349,2.8086330918133013,10.012196977255433
Q2(信号=1),sig_mom_250,1875,0.16249575252773538,0.768098108791948,1.5005684861559132,2.842783934839515,7.26926793803694
Q1(信号=0),sig_vwma_5_30,1320,0.12489487870334078,0.772755119332126,1.523777173175676,2.536974425434773,7.12905297839913
Q2(信号=1),sig_vwma_5_30,1487,0.1582406066911822,0.6832261201972079,1.3704924080033583,3.0967191656332123,9.071014248555489
Q1(信号=0),sig_vwma_10_60,1344,0.16601831645522822,0.7664018802344711,1.389970389223621,2.5041947477731403,6.5282792919280945
Q2(信号=1),sig_vwma_10_60,1463,0.12098369638555394,0.687608875593648,1.4917294921516207,3.1365596095292596,9.67045809466729
Q1(信号=0),sig_vol_expand,1440,0.04633797370046886,0.3138785399594742,0.6885527882352963,1.568999204424561,8.164095319940696
Q2(信号=1),sig_vol_expand,1367,0.24383792046564148,1.157397339289556,2.2318746657179065,4.14317072953544,8.114686896457405
Q1(信号=0),sig_rsi_50,1319,0.08415099524663518,0.650961467620845,1.3693597640218276,2.6118038028642885,7.163124501907542
Q2(信号=1),sig_rsi_50,1488,0.19435885588513435,0.7914219628242529,1.508026360002799,3.0279696037984256,9.03049412003279
Q1(信号=0),sig_macd,1364,0.12552489266474384,0.8368042792616999,1.5512358835930793,2.9359535882555443,8.484193213967751
Q2(信号=1),sig_macd,1443,0.15863919108070737,0.6204856910145656,1.3411155709132518,2.7332989590497054,7.815476374658405
Q1(信号=0),sig_boll_mid,1344,0.11869071313457091,0.8018375821802072,1.486662399678504,2.65047606198373,7.290695645109296
Q2(信号=1),sig_boll_mid,1463,0.164491424745994,0.6552454961991858,1.402695566330611,2.998625353576259,8.93479163585684
