持有期,分组,平均未来收益%,样本天数
1日,Q1,0.166,533
1日,Q2,0.067,534
1日,Q3,0.006,538
1日,Q4,0.283,525
1日,Q5,0.076,533
5日,Q1,0.79,533
5日,Q2,0.398,534
5日,Q3,-0.194,538
5日,Q4,1.178,525
5日,Q5,0.695,533
10日,Q1,1.451,533
10日,Q2,0.807,534
10日,Q3,-0.41,538
10日,Q4,2.217,525
10日,Q5,1.562,533
20日,Q1,2.521,533
20日,Q2,2.226,534
20日,Q3,-0.48,538
20日,Q4,3.845,525
20日,Q5,3.312,533
60日,Q1,7.954,533
60日,Q2,5.583,534
60日,Q3,2.503,538
60日,Q4,12.566,525
60日,Q5,6.847,533
21日,Q1,2.633,533
21日,Q2,2.433,534
21日,Q3,-0.547,538
21日,Q4,4.083,525
21日,Q5,3.394,533
63日,Q1,8.56,533
63日,Q2,5.78,534
63日,Q3,3.146,538
63日,Q4,12.555,525
63日,Q5,7.362,533
