分组,指标,月末数,未来1个月收益均值,未来1个月收益中位数,未来3个月收益均值
Q1,盈利能力,41,5.281908312713594,5.477031802120158,17.418259594233596
Q2,盈利能力,23,0.39003599714164044,1.8320610687023065,-0.9205588927402256
Q3,盈利能力,18,-1.0782492100106795,-0.9454947066879993,-0.5073069866232034
Q4,盈利能力,21,4.425720306837918,1.9410133602218105,6.463946093844772
Q5,盈利能力,9,1.2746535157943228,0.12987012987011326,10.54843824729413
Q1,成长能力,44,2.6124294609368772,2.0685792599883346,9.325692674458134
Q2,成长能力,15,3.4111519840103117,-0.3349753694581348,3.2936609177219487
Q3,成长能力,13,-2.835726912166762,0.0946297610598501,0.2774004450828008
Q4,成长能力,25,2.550329884703985,1.9410133602218105,3.9182956477292787
Q5,成长能力,12,4.249607117195798,2.1883292225326367,15.976436231090481
Q1,偿债能力,29,0.325477067265007,1.414603702933226,-0.029600010096760335
Q2,偿债能力,32,1.3659696462970914,1.6790087044024182,17.878237582025978
Q3,偿债能力,29,2.686178100267766,0.3308910423067912,-1.8793077380238297
Q4,偿债能力,12,1.0677926193222664,-1.9464335402245403,4.409414569300112
Q5,偿债能力,19,8.398993874475897,4.9012875536480704,19.17376848676904
Q1,运营效率,9,9.417487515576097,4.24678831519516,22.42686571864146
Q2,运营效率,9,7.910773853644426,9.892490315573731,31.990493664866577
Q3,运营效率,11,-1.2669269651700696,-4.022737210319194,2.2099611237784367
Q4,运营效率,26,4.8479372642656635,4.208186430355044,7.499965858604768
Q5,运营效率,54,-0.4455789975900484,-0.10133663783916114,0.7462935264039909
Q1,现金流质量,27,4.210487868299392,2.7575887131252808,7.81685325027831
Q2,现金流质量,14,2.045859504911058,-0.4474087220369516,11.609414948005378
Q3,现金流质量,13,-2.9487977979658684,-2.306122448979575,-10.084923966950205
Q4,现金流质量,30,1.5922332543866422,0.9809655992862099,8.662933529694735
Q5,现金流质量,28,5.670527117506667,1.602174943171275,15.34382350727428
Q1,估值水平,8,10.86439327833961,3.104331828175255,27.876376502359363
Q2,估值水平,30,4.372396733485793,4.404031636989403,13.183001624485088
Q3,估值水平,23,-0.878395309533005,-3.577346744429477,-7.669359352144703
Q4,估值水平,26,2.278148351657517,1.1546179548463376,12.001672234078985
Q5,估值水平,34,1.3625767744629278,1.0972110824362002,5.736537367045061
Q1,基本面择时得分,21,5.00807128454824,1.2478281472121155,10.643916923933757
Q2,基本面择时得分,26,1.8947132323964686,2.3730615461500015,11.41044227225304
Q3,基本面择时得分,24,0.23136104440031613,-0.32020073979954766,-1.8450251233179904
Q4,基本面择时得分,25,1.3150596673467838,0.0946297610598501,5.901023605156906
Q5,基本面择时得分,25,4.423289032790725,2.4270591272915087,13.484024495184885
Q1,ROE_TTM,35,4.684312383575078,1.2478281472121155,12.670007192044185
Q2,ROE_TTM,27,1.1758538503050178,1.089223638470438,6.289170019358268
Q3,ROE_TTM,22,1.2305490751347565,0.2798284186506572,1.547962254329216
Q4,ROE_TTM,11,4.055113374196006,4.9012875536480704,20.234741811458345
Q5,ROE_TTM,26,1.3871580551685627,1.2611012874924943,3.33778749736512
Q1,营收单季同比,40,0.23666444492732253,0.303060200052474,2.3568124266272648
Q2,营收单季同比,25,7.287701355350318,5.477031802120158,21.436024551846426
Q3,营收单季同比,21,4.313766713358602,1.9410133602218105,6.68875475358979
Q4,营收单季同比,8,1.1990044185473934,1.9952667301738503,-0.7580275123748176
Q5,营收单季同比,27,0.4297472435965159,1.1051985264019626,6.587383472267081
Q1,PE_TTM,14,12.118208367306773,7.445767924384672,38.17822398654794
Q2,PE_TTM,21,-0.29950692503534215,-0.2973030367381724,0.4285486773872355
Q3,PE_TTM,19,5.313823906248332,3.495762711864403,9.525624942714007
Q4,PE_TTM,14,-7.785806026068063,-5.422548719246601,-9.167237325252534
Q5,PE_TTM,30,4.116396844806204,2.5002942695280916,10.564359762734894
Q1,PB,7,7.949248212940815,1.2478281472121155,17.426890502427337
Q2,PB,18,-2.3936404555173407,-4.119476713267711,2.6711966380109815
Q3,PB,16,3.6073417581430443,2.0685792599883346,6.001371808747959
Q4,PB,15,-0.124049806376579,0.2752293577981568,7.6707276180516395
Q5,PB,65,3.6158075886300463,2.4270591272915087,8.834378305931173
Q1,资产负债率,35,0.8890573346618478,-0.3854239663630077,1.5627442740825424
Q2,资产负债率,36,5.791650128844723,5.282389210430982,19.043621295604407
Q3,资产负债率,13,-2.042763116366025,-0.3349753694581348,-9.034955965372005
Q4,资产负债率,10,-6.3177178809545405,-5.315970580810358,-5.298947990241973
Q5,资产负债率,27,5.687411539170206,4.24678831519516,13.094890990651445
Q1,净现比_TTM,35,3.042268097545801,1.414603702933226,8.633341528827057
Q2,净现比_TTM,16,-4.088742500681567,-1.5937761777292891,-6.022237191253561
Q3,净现比_TTM,13,4.788817048926309,8.449477351916368,9.549167945032643
Q4,净现比_TTM,28,4.030845194278336,2.1308095952023987,11.610439517557749
Q5,净现比_TTM,29,3.009159762339075,1.2478281472121155,10.403898671017519
Q1,存货周转率_TTM,15,-3.763090082666247,-4.022737210319194,3.9276015680233978
Q2,存货周转率_TTM,14,5.373246855053586,4.270633421401271,9.988287781166907
Q3,存货周转率_TTM,3,20.86560973779086,27.02994335041815,40.1715962364176
Q4,存货周转率_TTM,19,2.9975031719462373,2.2926267281105916,5.368218128179888
Q5,存货周转率_TTM,70,2.3587847053679853,0.9919279226149436,7.594962998297597
