变更日期,总股本,流通受限股份,其他内资持股(受限),境内法人持股(受限),境内自然人持股(受限),已流通股份,已上市流通A股,变动原因
2026-07-31,5772996144,2182273724,,,,5772996144,3280499320.0,债转股上市
2026-06-30,5772996075,2182273724,,,,5772996075,3280499251.0,高管股份变动
2026-06-12,5772996075,1662581812,,,,5772996075,3800191163.0,债转股上市
2026-05-31,5772996009,1662581812,,,,5772996009,3800191097.0,债转股上市
2026-05-17,5772995317,1662581812,,,,5772995317,3800190405.0,债转股上市
2026-04-30,5772994747,1662581812,,,,5772994747,3800189835.0,债转股上市
2026-03-31,5772994680,1662581812,,,,5772994680,3800189768.0,"债转股上市,高管股份变动"
2026-03-10,5772994636,1653977540,,,,5772994636,3808793996.0,H股超额配售
2026-03-09,5736722936,1653977540,,,,5736722936,3808793996.0,债转股上市
2026-02-28,5736722741,1653977540,,,,5736722741,3808793801.0,债转股上市
2026-02-06,5736722739,1653977540,,,,5736722739,3808793799.0,"债转股上市,首发H股上市"
2026-02-05,5462771326,1653977540,,,,5462771326,3808793786.0,债转股上市
2026-01-29,5462771266,1653977540,,,,5462771266,3808793726.0,债转股上市
2026-01-05,5462771170,1653977540,,,,5462771170,3808793630.0,债转股上市
2025-12-31,5462771148,1653977540,,,,5462771148,3808793608.0,"债转股上市,高管股份变动"
2025-12-10,5462771144,1652175865,,,,5462771144,3810595279.0,债转股上市
2025-11-12,5462771033,1652175865,,,,5462771033,3810595168.0,债转股上市
2025-09-29,5462771029,1652175865,,,,5462771029,3810595164.0,债转股上市
2025-08-01,5462770010,1652175865,,,,5462770010,3810594145.0,债转股上市
2025-06-30,5462768373,1652175865,,,,5462768373,3810592508.0,高管股份变动
2025-04-23,5462768373,1652045238,,,,5462768373,3810723135.0,债转股上市
2025-03-05,5462768177,1652045238,,,,5462768177,3810722939.0,债转股上市
2025-01-23,5462767917,1652045238,,,,5462767917,3810722679.0,债转股上市
2024-12-31,5462767761,1652045238,,,,5462767761,3810722523.0,债转股上市
2024-12-19,5462764343,1652045238,,,,5462764343,3810719105.0,债转股上市
2024-12-18,5462763380,1652045238,,,,5462763380,3810718142.0,回购
2024-12-03,5465353999,1654635857,2590619.0,,2590619.0,5465353999,3810718142.0,债转股上市
2024-09-30,5465353161,1654635857,2590619.0,,2590619.0,5465353161,3810717304.0,债转股上市
2024-08-14,5465352976,1654635857,2590619.0,,2590619.0,5465352976,3810717119.0,债转股上市
2024-08-02,5465352955,1654635857,2590619.0,,2590619.0,5465352955,3810717098.0,债转股上市
2024-06-24,5465352559,1654635857,2590619.0,,2590619.0,5465352559,3810716702.0,网下配售股份上市
2024-04-23,5465352559,1804748441,152703203.0,150112584.0,2590619.0,5465352559,3660604118.0,债转股上市
2024-03-29,5465350691,1804748441,152703203.0,150112584.0,2590619.0,5465350691,3660602250.0,高管股份变动
2024-03-25,5465350691,1804121691,152703203.0,150112584.0,2590619.0,5465350691,3661229000.0,股权激励限售流通股上市
2024-03-08,5465350691,1829274744,177856256.0,150112584.0,27743672.0,5465350691,3636075947.0,"债转股上市,高管股份变动"
2024-02-07,5465350620,1829276994,177856256.0,150112584.0,27743672.0,5465350620,3636073626.0,债转股上市
2023-12-29,5465350578,1829276994,177856256.0,150112584.0,27743672.0,5465350578,3636073584.0,"债转股上市,高管股份变动"
2023-11-30,5465350536,1829257944,177856256.0,150112584.0,27743672.0,5465350536,3636092592.0,债转股上市
2023-11-09,5465350511,1829257944,177856256.0,150112584.0,27743672.0,5465350511,3636092567.0,债转股上市
2023-09-27,5465349529,1829257944,177856256.0,150112584.0,27743672.0,5465349529,3636091585.0,债转股上市
2023-08-07,5465349514,1829257944,177856256.0,150112584.0,27743672.0,5465349514,3636091570.0,债转股上市
2023-07-04,5465349376,1829257944,177856256.0,150112584.0,27743672.0,5465349376,3636091432.0,债转股上市
2023-06-30,5465349355,1829257944,177856256.0,150112584.0,27743672.0,5465349355,3636091411.0,回购
2023-06-27,5469779473,1833688062,182286374.0,150112584.0,32173790.0,5469779473,3636091411.0,债转股上市
2023-05-24,5469779452,1833688062,182286374.0,150112584.0,32173790.0,5469779452,3636091390.0,债转股上市
2023-05-18,5469779381,1833688062,182286374.0,150112584.0,32173790.0,5469779381,3636091319.0,债转股上市
2023-04-27,5469779108,1833688062,182286374.0,150112584.0,32173790.0,5469779108,3636091046.0,债转股上市
2023-04-26,5469779006,1833688062,182286374.0,150112584.0,32173790.0,5469779006,3636090944.0,债转股上市
2023-04-14,5469778889,1833688062,182286374.0,150112584.0,32173790.0,5469778889,3636090827.0,回购
2023-04-13,5472289550,1836198723,184797035.0,150112584.0,34684451.0,5472289550,3636090827.0,债转股上市
2023-03-31,5472289401,1836198723,184797035.0,150112584.0,34684451.0,5472289401,3636090678.0,"债转股上市,高管股份变动"
2023-03-27,5472287308,1835623723,184797035.0,150112584.0,34684451.0,5472287308,3636663585.0,股权激励限售流通股上市
2023-03-17,5472287308,1863238079,212411391.0,150112584.0,62298807.0,5472287308,3609049229.0,债转股上市
2023-03-10,5472287224,1863238079,212411391.0,150112584.0,62298807.0,5472287224,3609049145.0,债转股上市
2023-02-27,5472287161,1863238079,212411391.0,150112584.0,62298807.0,5472287161,3609049082.0,债转股上市
2023-02-17,5472285284,1863238079,212411391.0,150112584.0,62298807.0,5472285284,3609047205.0,债转股上市
2023-02-13,5472284324,1863238079,212411391.0,150112584.0,62298807.0,5472284324,3609046245.0,债转股上市
2023-01-31,5472284097,1863238079,212411391.0,150112584.0,62298807.0,5472284097,3609046018.0,债转股上市
2023-01-17,5472284068,1863238079,212411391.0,150112584.0,62298807.0,5472284068,3609045989.0,债转股上市
2023-01-16,5472283995,1863238079,212411391.0,150112584.0,62298807.0,5472283995,3609045916.0,股权激励限售流通股上市
2023-01-06,5472283995,1870905074,220078386.0,150112584.0,69965802.0,5472283995,3601378921.0,债转股上市
2023-01-05,5472283953,1870905074,220078386.0,150112584.0,69965802.0,5472283953,3601378879.0,"债转股上市,高管股份变动"
2022-12-31,5472283869,1871166699,220078386.0,150112584.0,69965802.0,5472283869,3601117170.0,债转股上市
2022-12-16,5472283827,1871166699,220078386.0,150112584.0,69965802.0,5472283827,3601117128.0,债转股上市
2022-12-13,5472283785,1871166699,220078386.0,150112584.0,69965802.0,5472283785,3601117086.0,债转股上市
2022-12-09,5472282734,1871166699,220078386.0,150112584.0,69965802.0,5472282734,3601116035.0,增发A股上市
2022-11-17,5322170150,1721054115,69965802.0,0.0,69965802.0,5322170150,3601116035.0,债转股上市
2022-11-08,5322170024,1721054115,69965802.0,0.0,69965802.0,5322170024,3601115909.0,债转股上市
2022-09-30,5322167365,1721054115,69965802.0,0.0,69965802.0,5322167365,3601113250.0,债转股上市
2022-09-22,5322167155,1721054115,69965802.0,0.0,69965802.0,5322167155,3601113040.0,债转股上市
2022-09-07,5322165871,1721054115,69965802.0,0.0,69965802.0,5322165871,3601111756.0,债转股上市
2022-08-10,5322160733,1721054115,69965802.0,0.0,69965802.0,5322160733,3601106618.0,债转股上市
2022-08-04,5322160586,1721054115,69965802.0,0.0,69965802.0,5322160586,3601106471.0,债转股上市
2022-07-13,5322110491,1721054115,69965802.0,0.0,69965802.0,5322110491,3601056376.0,债转股上市
2022-06-30,5322103451,1721054115,69965802.0,0.0,69965802.0,5322103451,3601049336.0,"债转股上市,高管股份变动"
2022-06-27,5322099044,1721042940,69965802.0,0.0,69965802.0,5322099044,3601056104.0,债转股上市
2022-06-20,5322098338,1721042940,69965802.0,0.0,69965802.0,5322098338,3601055398.0,债转股上市
2022-06-01,5322085112,1721042940,69965802.0,0.0,69965802.0,5322085112,3601042172.0,债转股上市
2022-05-19,5322083560,1721042940,69965802.0,0.0,69965802.0,5322083560,3601040620.0,债转股上市
2022-04-28,5322081966,1721042940,69965802.0,0.0,69965802.0,5322081966,3601039026.0,债转股上市
2022-04-14,5322081128,1721042940,69965802.0,0.0,69965802.0,5322081128,3601038188.0,债转股上市
2022-03-31,5322078466,1721042940,69965802.0,0.0,69965802.0,5322078466,3601035526.0,债转股上市
2022-03-28,5322076260,1721042940,69965802.0,0.0,69965802.0,5322076260,3601033320.0,债转股上市
2022-03-25,5322075091,1721042940,69965802.0,0.0,69965802.0,5322075091,3601032151.0,"债转股上市,限制性股票"
2022-03-22,5262389667,1661357749,10280611.0,0.0,10280611.0,5262389667,3601031918.0,债转股上市
2022-03-15,5262387699,1661357749,10280611.0,0.0,10280611.0,5262387699,3601029950.0,"债转股上市,高管股份变动"
2022-03-14,5262387691,1655895779,10280611.0,0.0,10280611.0,5262387691,3606491912.0,债转股上市
2022-03-04,5262386729,1655895779,10280611.0,0.0,10280611.0,5262386729,3606490950.0,债转股上市
2022-01-21,5262358594,1655895779,10280611.0,0.0,10280611.0,5262358594,3606462815.0,股权激励限售流通股上市
2021-12-31,5262358594,1712279415,66664247.0,0.0,66664247.0,5262358594,3550079179.0,高管股份变动
2021-11-08,5262358594,1712275740,66664247.0,0.0,66664247.0,5262358594,3550082854.0,回购
2021-11-07,5263062415,1712979561,67368068.0,0.0,67368068.0,5263062415,3550082854.0,高管股份变动
2021-06-30,5263062415,1712975811,67368068.0,0.0,67368068.0,5263062415,3550086604.0,高管股份变动
2021-06-03,5263062415,1712954495,67368068.0,0.0,67368068.0,5263062415,3550107920.0,转增股上市
2021-05-28,3759330297,1223538925,48120049.0,0.0,48120049.0,3759330297,2535791372.0,高管股份变动
2021-05-20,3759330297,1223535175,48120049.0,0.0,48120049.0,3759330297,2535795122.0,高管股份变动
2021-02-09,3759330297,1219166576,48120049.0,0.0,48120049.0,3759330297,2540163721.0,股权激励限售流通股上市
2021-02-08,3759330297,1255150527,84104000.0,0.0,84104000.0,3759330297,2504179770.0,高管股份变动
2021-01-13,3759330297,1264364899,84104000.0,0.0,84104000.0,3759330297,2494965398.0,限制性股票
2021-01-08,3747489397,1252523999,72263100.0,0.0,72263100.0,3747489397,2494965398.0,回购
2020-09-03,3747834147,1252868749,72607850.0,0.0,72607850.0,3747834147,2494965398.0,网下配售股份上市
2020-08-31,3747834147,1383196869,202935970.0,130328120.0,72607850.0,3747834147,2364637278.0,高管股份变动
2020-06-30,3747834147,1383274976,202935970.0,130328120.0,72607850.0,3747834147,2364559171.0,高管股份变动
2020-06-04,3747834147,1383274977,202935970.0,130328120.0,72607850.0,3747834147,2364559170.0,转增股上市
2020-04-24,2204608322,813691163,119374100.0,76663600.0,42710500.0,2204608322,1390917159.0,网下配售股份上市
2020-04-21,2204608322,1038182193,343865130.0,301154630.0,42710500.0,2204608322,1166426129.0,高管股份变动
2020-01-14,2204608322,1037617992,343865130.0,301154630.0,42710500.0,2204608322,1166990330.0,限制性股票
2019-09-02,2161897822,994907492,301154630.0,301154630.0,,2161897822,1166990330.0,增发A股上市
2019-06-30,2085234222,918243892,224491030.0,224491030.0,,2085234222,1166990330.0,高管股份变动
2018-12-31,2085234222,922090825,224491030.0,224491030.0,,2085234222,1163143397.0,"网下配售股份上市,高管股份变动"
2018-12-27,2085234222,1012031652,342834222.0,304964400.0,37869822.0,2085234222,1073202570.0,高管股份变动
2018-07-03,2085234222,1010901319,342834222.0,304964400.0,37869822.0,2085234222,1074332903.0,转增股上市
2018-06-27,1158463457,561611844,190463457.0,169424667.0,21038790.0,1158463457,596851613.0,高管股份变动
2017-12-31,1158463457,558815901,190463457.0,169424667.0,21038790.0,1158463457,599647556.0,高管股份变动
2017-04-18,1158463457,556373964,190463457.0,169424667.0,21038790.0,1158463457,602089493.0,增发A股上市
2017-04-17,1033746218,431656725,65746218.0,44707428.0,21038790.0,1033746218,602089493.0,高管股份变动
2017-02-06,1033746218,436733321,65746218.0,44707428.0,21038790.0,1033746218,597012897.0,首发限售股份上市
2016-07-08,1033746218,726696202,720278246.0,213147260.0,507130986.0,1033746218,307050016.0,转增股上市
2016-06-30,516873109,363348101,360139123.0,106573630.0,253565493.0,516873109,153525008.0,高管股份变动
2016-01-28,516873109,363348119,360139123.0,106573630.0,253565493.0,516873109,153524990.0,首发限售股份上市
2015-12-24,516873109,373621705,360139123.0,106573630.0,253565493.0,516873109,143251404.0,增发A股上市
2015-06-30,484000000,340748596,327266014.0,84219916.0,243046098.0,484000000,143251404.0,股份性质变更
2015-06-10,484000000,340748596,337539600.0,94493502.0,243046098.0,484000000,143251404.0,转增股上市
2015-06-03,242000000,170374298,168769800.0,47246751.0,121523049.0,242000000,71625702.0,高管股份变动
2015-01-28,242000000,170288500,168769800.0,47246751.0,121523049.0,242000000,71711500.0,首发限售股份上市
2014-12-31,242000000,181500000,171226415.0,42109958.0,129116457.0,242000000,60500000.0,高管股份变动
2014-01-17,242000000,181500000,181500000.0,52383543.0,129116457.0,242000000,60500000.0,首发A股上市
2010-12-13,212000000,212000000,212000000.0,61186287.0,150813713.0,212000000,,上市前股本
