EX_DIVIDEND_DATE,REPORT_DATE,IMPL_PLAN_PROFILE,PRETAX_BONUS_RMB,ASSIGN_PROGRESS,BONUS_IT_RATIO,EQUITY_RECORD_DATE
2026-05-27 00:00:00,2025-12-31 00:00:00,"10派4.269999元(含税,扣税后3.842999元)",4.269999,实施分配,,2026-05-26 00:00:00
2025-10-16 00:00:00,2025-06-30 00:00:00,"10派9.275214元(含税,扣税后8.347693元)",9.275214,实施分配,,2025-10-15 00:00:00
2025-06-26 00:00:00,2024-12-31 00:00:00,"10派5.742689元(含税,扣税后5.16842元)",5.742689,实施分配,,2025-06-25 00:00:00
2024-12-30 00:00:00,2024-09-30 00:00:00,"10派8.34793元(含税,扣税后7.513137元)",8.34793,实施分配,,2024-12-27 00:00:00
2023-07-13 00:00:00,2022-12-31 00:00:00,"10派7.381783元(含税,扣税后6.643605元)",7.381783,实施分配,,2023-07-12 00:00:00
2022-06-09 00:00:00,2021-12-31 00:00:00,"10派2.48023元(含税,扣税后2.232207元)",2.48023,实施分配,,2022-06-08 00:00:00
2021-06-03 00:00:00,2020-12-31 00:00:00,"10转4.00派14.61元(含税,扣税后13.149元)",14.61,实施分配,4.0,2021-06-02 00:00:00
2020-06-04 00:00:00,2019-12-31 00:00:00,"10转7.00派5.50元(含税,扣税后4.95元)",5.5,实施分配,7.0,2020-06-03 00:00:00
2019-07-04 00:00:00,2018-12-31 00:00:00,"10派0.50元(含税,扣税后0.45元)",0.5,实施分配,,2019-07-03 00:00:00
2018-07-03 00:00:00,2017-12-31 00:00:00,"10转8.00派6.90元(含税,扣税后6.21元)",6.9,实施分配,8.0,2018-07-02 00:00:00
2017-07-11 00:00:00,2016-12-31 00:00:00,"10派6.91元(含税,扣税后6.219元)",6.91,实施分配,0.0,2017-07-10 00:00:00
2016-07-08 00:00:00,2015-12-31 00:00:00,"10转10.00派3.53元(含税,扣税后3.177元)",3.53,实施分配,10.0,2016-07-07 00:00:00
2015-06-10 00:00:00,2014-12-31 00:00:00,"10转10.00派0.61元(含税,扣税后0.549元)",0.61,实施分配,10.0,2015-06-09 00:00:00
2014-07-04 00:00:00,2013-12-31 00:00:00,"10派2.34元(含税,扣税后2.106元)",2.34,实施分配,,2014-07-03 00:00:00
