Stkcd,Accper,Typrep,F080601A,F081001B,F081601B
002714,2013-12-31,A,0.511326,,
002714,2013-12-31,B,0.401445,,
002714,2014-03-31,A,0.141251,,
002714,2014-03-31,B,0.247131,,
002714,2014-06-30,A,0.173414,,0.401062
002714,2014-06-30,B,0.248225,,0.283896
002714,2014-09-30,A,0.204069,,0.057746
002714,2014-09-30,B,0.288871,,0.027544
002714,2014-12-31,A,0.273534,-0.068053,0.293811
002714,2014-12-31,B,0.325329,-0.758183,0.197997
002714,2015-03-31,A,0.05156,-1.260583,-0.419417
002714,2015-03-31,B,0.018878,-1.65151,-0.404522
002714,2015-06-30,A,0.253862,,0.249903
002714,2015-06-30,B,0.196969,,0.376721
002714,2015-09-30,A,0.364519,2.46373,0.314732
002714,2015-09-30,B,0.223491,1.971004,0.128127
002714,2015-12-31,A,0.715712,0.364781,0.287031
002714,2015-12-31,B,0.620463,0.584556,0.184887
002714,2016-03-31,A,0.13266,0.161284,-0.137186
002714,2016-03-31,B,0.114279,-0.267948,-0.189094
002714,2016-06-30,A,0.312056,0.914548,0.504097
002714,2016-06-30,B,0.115704,1.167434,0.473073
002714,2016-09-30,A,0.545868,-0.021247,0.177667
002714,2016-09-30,B,0.568837,4.372954,-0.273857
002714,2016-12-31,A,0.82968,-0.187871,0.055637
002714,2016-12-31,B,0.760354,-0.926304,0.035648
002714,2017-03-31,A,0.134951,0.214424,0.153652
002714,2017-03-31,B,0.135136,-0.104568,-0.032698
002714,2017-06-30,A,0.344426,-0.234994,0.149893
002714,2017-06-30,B,0.376606,-0.617272,-0.013068
002714,2017-09-30,A,0.467986,0.17629,0.293295
002714,2017-09-30,B,0.4549,6.861944,-0.036059
002714,2017-12-31,A,0.85941,-0.095803,-0.01408
002714,2017-12-31,B,0.935923,-1.158973,-0.122402
002714,2018-03-31,A,0.105791,-0.754142,-0.04497
002714,2018-03-31,B,0.16,,-0.142649
002714,2018-06-30,A,0.065179,-2.578192,0.00069
002714,2018-06-30,B,0.116094,-1.160116,-0.012167
002714,2018-09-30,A,0.149573,,0.330398
002714,2018-09-30,B,0.127445,,0.009157
002714,2018-12-31,A,0.241103,-0.585194,0.146724
002714,2018-12-31,B,0.253867,,0.235037
002714,2019-03-31,A,0.042247,-4.13029,-0.27542
002714,2019-03-31,B,0.075769,-0.622447,-0.344026
002714,2019-06-30,A,0.048725,,0.348953
002714,2019-06-30,B,0.09745,3.515211,0.480929
002714,2019-09-30,A,0.247691,2.938288,0.11228
002714,2019-09-30,B,0.260652,-1.167625,0.005195
002714,2019-12-31,A,0.772228,2.043674,0.855949
002714,2019-12-31,B,0.590348,,1.029603
002714,2020-03-31,A,0.341989,-0.069055,-0.049258
002714,2020-03-31,B,0.274358,-0.614196,-0.473284
002714,2020-06-30,A,0.663136,0.587081,0.60632
002714,2020-06-30,B,0.413926,-0.436616,0.823677
002714,2020-09-30,A,0.962677,0.569859,0.398737
002714,2020-09-30,B,0.616047,0.578661,0.222998
002714,2020-12-31,A,1.318684,-0.355933,-0.05621
002714,2020-12-31,B,0.727202,42.793798,0.457419
002714,2021-03-31,A,0.171997,0.103687,0.177623
002714,2021-03-31,B,0.002604,-0.971384,-0.352657
002714,2021-06-30,A,0.258869,-0.613156,0.061223
002714,2021-06-30,B,0.029012,-0.100607,0.433969
002714,2021-09-30,A,0.379834,-1.465193,-0.31058
002714,2011-12-31,A,,,
002714,2011-12-31,B,,,
002714,2012-12-31,A,,,
002714,2012-12-31,B,,,
002714,2013-06-30,A,,,
002714,2013-06-30,B,,,
002714,2021-12-31,A,0.445566,,0.533391
002714,2021-12-31,B,0.373598,,
002714,2022-03-31,A,0.038179,,-0.191543
002714,2022-06-30,A,0.024757,,0.421954
002714,2022-06-30,B,0.214361,,
002714,2022-09-30,A,0.043671,,0.404613
002714,2022-12-31,A,0.088465,0.422769,0.206728
002714,2022-12-31,B,0.507054,,
002714,2023-03-31,A,0.02665,-1.091584,-0.450696
002714,2023-06-30,A,-0.005322,,0.143497
002714,2023-06-30,B,0.075961,,
002714,2023-09-30,A,-0.017624,,0.123922
002714,2023-12-31,A,0.012734,-3.242045,-0.10314
002714,2023-12-31,B,-0.027099,,
002714,2024-03-31,A,0.006448,,-0.058082
002714,2024-06-30,A,-0.019479,,0.16451
002714,2024-06-30,B,0.091077,,
002714,2024-09-30,A,-0.021153,1.934013,0.304469
002714,2024-12-31,A,-0.039691,-0.248655,0.031641
002714,2024-12-31,B,0.074819,,
002714,2025-03-31,A,0.056074,-0.398482,-0.124127
002714,2025-06-30,A,-0.006367,0.335911,0.120359
002714,2025-06-30,B,0.168958,,
002714,2025-09-30,A,-0.036732,-0.299647,-0.125596
002714,2025-12-31,A,-0.084773,-0.838103,-0.084136
002714,2025-12-31,B,0.058804,,
002714,2026-03-31,A,0.031766,-2.746691,-0.076072
002714,2026-06-30,A,0.019343,,-0.012612
002714,2026-06-30,B,0.132441,,
