Stkcd,Accper,Typrep,F010101A,F010201A,F011201A
002714,2013-12-31,A,0.909742,0.160467,0.611435
002714,2013-12-31,B,1.011243,0.423019,0.54984
002714,2014-03-31,A,1.379094,0.502276,0.49371
002714,2014-03-31,B,0.919717,0.403877,0.436281
002714,2014-06-30,A,1.241162,0.434974,0.514105
002714,2014-06-30,B,0.804462,0.3451,0.439528
002714,2014-09-30,A,1.105758,0.304233,0.519664
002714,2014-09-30,B,0.777653,0.318154,0.460272
002714,2014-12-31,A,0.915643,0.288072,0.52705
002714,2014-12-31,B,0.72176,0.361202,0.460463
002714,2015-03-31,A,0.793072,0.273718,0.554902
002714,2015-03-31,B,0.72872,0.420113,0.473996
002714,2015-06-30,A,0.724179,0.233222,0.616597
002714,2015-06-30,B,0.812684,0.544911,0.546681
002714,2015-09-30,A,0.674266,0.236438,0.606385
002714,2015-09-30,B,0.88877,0.65706,0.529705
002714,2015-12-31,A,0.870298,0.470078,0.501664
002714,2015-12-31,B,1.179688,0.993932,0.431835
002714,2016-03-31,A,0.759082,0.366289,0.514065
002714,2016-03-31,B,1.148674,0.979792,0.469039
002714,2016-06-30,A,0.640842,0.255998,0.504536
002714,2016-06-30,B,1.298101,1.124374,0.424116
002714,2016-09-30,A,0.741294,0.296516,0.533065
002714,2016-09-30,B,2.111994,1.94052,0.437411
002714,2016-12-31,A,0.715866,0.211809,0.562191
002714,2016-12-31,B,1.773385,1.606733,0.487173
002714,2017-03-31,A,0.645257,0.15099,0.567913
002714,2017-03-31,B,1.486784,1.363092,0.539197
002714,2017-06-30,A,1.001746,0.413372,0.475902
002714,2017-06-30,B,1.652214,1.536113,0.447884
002714,2017-09-30,A,0.850717,0.328245,0.487779
002714,2017-09-30,B,1.566696,1.478159,0.456402
002714,2017-12-31,A,1.050359,0.546949,0.470293
002714,2017-12-31,B,1.770102,1.699683,0.462387
002714,2018-03-31,A,0.92564,0.446607,0.515853
002714,2018-03-31,B,1.359571,1.307646,0.494518
002714,2018-06-30,A,0.747673,0.278168,0.536987
002714,2018-06-30,B,1.237399,1.189741,0.519948
002714,2018-09-30,A,0.80475,0.269598,0.555464
002714,2018-09-30,B,1.362174,1.289784,0.530003
002714,2018-12-31,A,0.719822,0.292028,0.540658
002714,2018-12-31,B,0.77444,0.736818,0.579028
002714,2019-03-31,A,0.681713,0.236134,0.57718
002714,2019-03-31,B,0.849726,0.787991,0.606734
002714,2019-06-30,A,0.583959,0.196866,0.57011
002714,2019-06-30,B,0.790904,0.738816,0.609951
002714,2019-09-30,A,0.842703,0.404127,0.461902
002714,2019-09-30,B,0.808181,0.743127,0.493214
002714,2019-12-31,A,1.078331,0.683916,0.400385
002714,2019-12-31,B,0.825159,0.7937,0.590049
002714,2020-03-31,A,1.23175,0.854058,0.423488
002714,2020-03-31,B,0.680435,0.63195,0.667906
002714,2020-06-30,A,1.154813,0.798751,0.453722
002714,2020-06-30,B,0.599541,0.556522,0.715444
002714,2020-09-30,A,1.142285,0.73318,0.433407
002714,2020-09-30,B,0.595346,0.566939,0.743203
002714,2020-12-31,A,0.894429,0.408036,0.460925
002714,2020-12-31,B,0.76746,0.749232,0.646976
002714,2021-03-31,A,0.841174,0.258421,0.480687
002714,2021-03-31,B,0.907461,0.884698,0.626345
002714,2021-06-30,A,0.644537,0.146933,0.530914
002714,2021-06-30,B,0.689109,0.657896,0.712908
002714,2021-09-30,A,0.709717,0.197562,0.577701
002714,2011-12-31,A,1.150114,0.371316,0.510428
002714,2011-12-31,B,1.20609,0.411142,0.496113
002714,2012-12-31,A,1.085079,0.317601,0.520044
002714,2012-12-31,B,1.301011,0.566805,0.445458
002714,2013-06-30,A,0.949923,0.30529,0.662091
002714,2013-06-30,B,1.101788,0.576767,0.606873
002714,2021-12-31,A,0.623184,0.182496,0.612987
002714,2021-12-31,B,0.801679,0.791939,0.740322
002714,2022-03-31,A,0.598288,0.20442,0.651834
002714,2022-06-30,A,0.573507,0.192363,0.66482
002714,2022-06-30,B,0.765524,0.747157,0.788572
002714,2022-09-30,A,0.655866,0.2214,0.614655
002714,2022-12-31,A,0.800571,0.311213,0.543553
002714,2022-12-31,B,0.758935,0.752104,0.770153
002714,2023-03-31,A,0.794139,0.304763,0.563683
002714,2023-06-30,A,0.710266,0.225004,0.600585
002714,2023-06-30,B,0.706218,0.693661,0.814254
002714,2023-09-30,A,0.702164,0.221936,0.596506
002714,2023-12-31,A,0.671703,0.228737,0.621111
002714,2023-12-31,B,0.612954,0.605102,0.779929
002714,2024-03-31,A,0.663278,0.261762,0.635896
002714,2024-06-30,A,0.682655,0.246283,0.618078
002714,2024-06-30,B,0.63818,0.630945,0.789282
002714,2024-09-30,A,0.748901,0.27779,0.583827
002714,2024-12-31,A,0.717374,0.226364,0.586801
002714,2024-12-31,B,0.567054,0.559762,0.80143
002714,2025-03-31,A,0.796113,0.334047,0.591992
002714,2025-06-30,A,0.793308,0.306772,0.560568
002714,2025-06-30,B,0.656087,0.649733,0.804
002714,2025-09-30,A,0.788478,0.312947,0.554981
002714,2025-12-31,A,0.781442,0.249122,0.541508
002714,2025-12-31,B,0.568852,0.56139,0.810545
002714,2026-03-31,A,0.91325,0.310398,0.507312
002714,2026-06-30,A,0.790203,0.284078,0.541793
002714,2026-06-30,B,0.650986,0.643918,0.73993
