Stkcd,Accper,Typrep,F050204C,F050504C,F053301C,F053004C
002714,2013-12-31,A,0.113058,0.266046,0.198153,0.266046
002714,2013-12-31,B,0.097488,0.197493,0.187858,
002714,2014-03-31,A,,,,
002714,2014-03-31,B,,,,
002714,2014-06-30,A,0.043218,0.102893,0.118758,0.102893
002714,2014-06-30,B,0.044649,0.091764,0.128713,
002714,2014-09-30,A,,,,
002714,2014-09-30,B,,,,
002714,2014-12-31,A,0.021811,0.050045,0.077347,0.050045
002714,2014-12-31,B,0.021977,0.043857,0.081441,
002714,2015-03-31,A,0.028847,0.060956,0.087255,0.060956
002714,2015-03-31,B,0.022663,0.041651,0.093374,
002714,2015-06-30,A,0.046312,0.108506,0.123254,0.108506
002714,2015-06-30,B,0.033513,0.066958,0.128835,
002714,2015-09-30,A,0.07493,0.174617,0.171951,0.174617
002714,2015-09-30,B,0.041674,0.083174,0.175184,
002714,2015-12-31,A,0.106527,0.217852,0.246235,0.217852
002714,2015-12-31,B,0.07036,0.126264,0.245318,
002714,2016-03-31,A,0.159523,0.338262,0.33587,0.338262
002714,2016-03-31,B,0.094762,0.179077,0.325168,
002714,2016-06-30,A,0.224608,0.493236,0.430578,0.493236
002714,2016-06-30,B,0.136601,0.259174,0.402988,
002714,2016-09-30,A,0.251268,0.568445,0.457381,0.568445
002714,2016-09-30,B,0.326854,0.613692,0.423317,
002714,2016-12-31,A,0.232203,0.50567,0.456922,0.50567
002714,2016-12-31,B,0.266532,0.500179,0.421878,
002714,2017-03-31,A,0.232258,0.514879,0.44097,0.514879
002714,2017-03-31,B,0.232883,0.479263,0.407056,
002714,2017-06-30,A,0.183789,0.35747,0.376254,0.35747
002714,2017-06-30,B,0.179967,0.321595,0.349832,
002714,2017-09-30,A,0.158629,0.320025,0.325065,0.320025
002714,2017-09-30,B,0.048121,0.087364,0.312664,
002714,2017-12-31,A,0.12795,0.25715,0.298078,0.25715
002714,2017-12-31,B,0.027318,0.051625,0.299622,
002714,2018-03-31,A,0.088285,0.189603,0.236115,0.189603
002714,2018-03-31,B,0.073488,0.149828,0.254054,
002714,2018-06-30,A,0.050543,0.103633,0.166887,0.103633
002714,2018-06-30,B,0.059476,0.117056,0.209465,
002714,2018-09-30,A,0.038757,0.082096,0.143993,0.082096
002714,2018-09-30,B,0.034616,0.069311,0.195262,
002714,2018-12-31,A,0.0196,0.039939,0.098155,0.041574
002714,2018-12-31,B,0.03727,0.078841,0.168385,
002714,2019-03-31,A,-0.005713,-0.012666,0.046958,-0.012734
002714,2019-03-31,B,-0.003286,-0.007383,0.162609,
002714,2019-06-30,A,0.016067,0.036123,0.083569,0.037104
002714,2019-06-30,B,0.012459,0.028951,0.202976,
002714,2019-09-30,A,0.050322,0.101001,0.158267,0.100979
002714,2019-09-30,B,0.014348,0.029194,0.252934,
002714,2019-12-31,A,0.153187,0.279021,0.359531,0.345474
002714,2019-12-31,B,0.023358,0.056392,0.426545,
002714,2020-03-31,A,0.224112,0.423106,0.506643,0.54897
002714,2020-03-31,B,0.023202,0.065672,0.460131,
002714,2020-06-30,A,0.305971,0.593272,0.589588,0.752097
002714,2020-06-30,B,0.018504,0.057979,0.43751,
002714,2020-09-30,A,0.396555,0.709312,0.637895,0.824433
002714,2020-09-30,B,0.020626,0.060833,0.362852,
002714,2020-12-31,A,0.346124,0.621054,0.606795,0.746829
002714,2020-12-31,B,0.149514,0.399879,0.234615,
002714,2021-03-31,A,0.315608,0.586389,0.558623,0.703393
002714,2021-03-31,B,0.13602,0.382039,0.215488,
002714,2021-06-30,A,0.245781,0.494425,0.451424,0.587571
002714,2021-06-30,B,0.129482,0.452783,0.162541,
002714,2021-09-30,A,0.124597,0.261122,0.305178,0.303258
002714,2011-12-31,A,0.299616,0.627918,0.385353,0.627918
002714,2011-12-31,B,0.303737,0.625285,0.379494,
002714,2012-12-31,A,0.181991,0.376092,0.280694,0.376092
002714,2012-12-31,B,0.193361,0.363349,0.260454,
002714,2013-06-30,A,,,,
002714,2013-06-30,B,,,,
002714,2021-12-31,A,0.050942,0.113408,0.167448,0.131803
002714,2021-12-31,B,0.041797,0.139787,0.277308,
002714,2022-03-31,A,-0.037651,-0.088965,-0.003192,-0.096088
002714,2022-06-30,A,-0.064951,-0.163729,-0.056673,-0.179251
002714,2022-06-30,B,0.025573,0.106423,0.24682,
002714,2022-09-30,A,-0.001417,-0.003515,0.062555,-0.005115
002714,2022-12-31,A,0.080675,0.19063,0.174956,0.210348
002714,2022-12-31,B,0.030948,0.128017,0.146423,
002714,2023-03-31,A,0.102021,0.259027,0.202719,0.285551
002714,2023-06-30,A,0.104569,0.284015,0.202181,0.306187
002714,2023-06-30,B,0.037434,0.19027,0.106829,
002714,2023-09-30,A,0.061027,0.154683,0.148356,0.162874
002714,2023-12-31,A,-0.021464,-0.051421,0.031084,-0.063342
002714,2023-12-31,B,0.018413,0.081826,0.041029,
002714,2024-03-31,A,-0.027491,-0.06867,0.020661,-0.082811
002714,2024-06-30,A,-0.001845,-0.004723,0.061387,-0.010211
002714,2024-06-30,B,0.015718,0.079327,0.083885,
002714,2024-09-30,A,0.045991,0.11221,0.130886,0.11726
002714,2024-12-31,A,0.098812,0.249715,0.190511,0.265183
002714,2024-12-31,B,0.028744,0.137575,0.213958,
002714,2025-03-31,A,0.131716,0.34111,0.22669,0.359957
002714,2025-06-30,A,0.151781,0.369939,0.231174,0.387047
002714,2025-06-30,B,0.077657,0.382849,0.257573,
002714,2025-09-30,A,0.122526,0.28482,0.19943,0.297456
002714,2025-12-31,A,0.087993,0.202355,0.178181,0.206877
002714,2025-12-31,B,0.069988,0.360979,0.19286,
002714,2026-03-31,A,0.053123,0.118583,0.149858,0.119553
002714,2026-06-30,A,-0.00588,-0.01311,0.080303,-0.014131
002714,2026-06-30,B,0.051783,0.226679,0.0856,
