Stkcd,Accper,Typrep,F040505C,F040604C,F041205C,F041705C
002714,2013-12-31,A,2.146333,170.057489,2.090683,0.760744
002714,2013-12-31,B,2.469373,147.810801,1.747206,0.781659
002714,2014-03-31,A,,,,
002714,2014-03-31,B,,,,
002714,2014-06-30,A,2.197789,166.075997,1.650983,0.694132
002714,2014-06-30,B,2.511602,145.325573,1.498274,0.619998
002714,2014-09-30,A,,,,
002714,2014-09-30,B,,,,
002714,2014-12-31,A,2.336932,156.187685,1.893816,0.708409
002714,2014-12-31,B,2.530851,144.220264,1.491451,0.573907
002714,2015-03-31,A,2.533902,144.046613,1.789705,0.661986
002714,2015-03-31,B,2.737985,133.309715,1.482828,0.507942
002714,2015-06-30,A,2.013258,181.298174,1.525898,0.591766
002714,2015-06-30,B,2.458568,148.460405,1.189397,0.466521
002714,2015-09-30,A,2.014104,181.222022,1.665242,0.590036
002714,2015-09-30,B,2.487192,146.751839,1.164967,0.466971
002714,2015-12-31,A,2.066201,176.652707,1.492624,0.536966
002714,2015-12-31,B,2.743594,133.037177,0.940337,0.402556
002714,2016-03-31,A,1.975917,184.724358,1.678358,0.553758
002714,2016-03-31,B,2.71601,134.388312,0.885576,0.405336
002714,2016-06-30,A,1.700254,214.673808,1.889159,0.576679
002714,2016-06-30,B,2.606667,140.025558,0.888986,0.430982
002714,2016-09-30,A,1.767879,206.462094,2.013481,0.599217
002714,2016-09-30,B,2.733301,133.538165,0.59765,0.346003
002714,2016-12-31,A,1.613357,226.236351,1.799085,0.560623
002714,2016-12-31,B,2.677615,136.31534,0.532793,0.283642
002714,2017-03-31,A,1.683351,216.829408,2.003966,0.587396
002714,2017-03-31,B,2.614741,139.593176,0.463141,0.25542
002714,2017-06-30,A,1.953483,186.845752,1.852536,0.566599
002714,2017-06-30,B,2.933912,124.407276,0.411182,0.204872
002714,2017-09-30,A,2.267607,160.962636,2.046232,0.592668
002714,2017-09-30,B,3.216978,113.460521,0.31586,0.17351
002714,2017-12-31,A,2.070815,176.259106,1.611903,0.543186
002714,2017-12-31,B,2.737126,133.351552,0.223872,0.131709
002714,2018-03-31,A,2.055092,177.60762,1.586142,0.524908
002714,2018-03-31,B,2.724063,133.991027,0.197801,0.105762
002714,2018-06-30,A,2.271378,160.695402,1.666611,0.526767
002714,2018-06-30,B,2.922699,124.884567,0.18743,0.092976
002714,2018-09-30,A,2.184261,167.104572,1.647825,0.517617
002714,2018-09-30,B,2.478887,147.243501,0.167792,0.083714
002714,2018-12-31,A,2.414176,151.190303,1.445583,0.496902
002714,2018-12-31,B,2.802844,130.224872,0.147224,0.070879
002714,2019-03-31,A,2.263593,161.248069,1.392869,0.474277
002714,2019-03-31,B,1.981609,184.193754,0.130033,0.060769
002714,2019-06-30,A,2.532573,144.122203,1.785943,0.528401
002714,2019-06-30,B,2.187963,166.821834,0.143311,0.064343
002714,2019-09-30,A,2.178574,167.540786,1.508264,0.491411
002714,2019-09-30,B,1.750698,208.488272,0.155069,0.062085
002714,2019-12-31,A,1.995722,182.891204,1.376863,0.48886
002714,2019-12-31,B,2.196353,166.18458,0.160465,0.06587
002714,2020-03-31,A,1.552322,235.131629,1.229247,0.494596
002714,2020-03-31,B,1.080032,337.95295,0.143538,0.05965
002714,2020-06-30,A,1.629351,224.015574,1.496688,0.571796
002714,2020-06-30,B,1.346224,271.128727,0.16694,0.065673
002714,2020-09-30,A,1.700299,214.668126,1.86063,0.675767
002714,2020-09-30,B,2.042814,178.675102,0.182188,0.070494
002714,2020-12-31,A,1.561343,233.773104,1.922726,0.641283
002714,2020-12-31,B,4.430898,82.376078,0.166728,0.07437
002714,2021-03-31,A,1.631619,223.704186,1.932888,0.636812
002714,2021-03-31,B,2.969606,122.911928,0.158023,0.076442
002714,2021-06-30,A,2.062492,176.970383,2.048347,0.633701
002714,2021-06-30,B,2.814799,129.671781,0.187435,0.081142
002714,2021-09-30,A,2.13751,170.759435,1.709542,0.537678
002714,2011-12-31,A,2.24354,162.689321,2.174613,0.952919
002714,2011-12-31,B,2.295984,158.973233,2.188187,0.981164
002714,2012-12-31,A,2.29602,158.970741,2.212558,0.821661
002714,2012-12-31,B,2.716256,134.376141,2.228625,0.983996
002714,2013-06-30,A,,,,
002714,2013-06-30,B,,,,
002714,2021-12-31,A,2.360253,154.644439,1.799102,0.52612
002714,2021-12-31,B,10.304331,35.421999,0.238801,0.115956
002714,2022-03-31,A,2.443588,149.370516,1.638933,0.469961
002714,2022-06-30,A,2.662246,137.102281,1.787751,0.485793
002714,2022-06-30,B,5.963871,61.20186,0.24936,0.126922
002714,2022-09-30,A,2.723818,134.00308,2.002492,0.583727
002714,2022-12-31,A,2.832137,128.877946,2.242434,0.674347
002714,2022-12-31,B,12.391472,29.455742,0.148503,0.076895
002714,2023-03-31,A,2.684833,135.948865,2.138177,0.684318
002714,2023-06-30,A,2.727685,133.813105,2.306419,0.708974
002714,2023-06-30,B,4.691996,77.792053,0.107709,0.056097
002714,2023-09-30,A,2.771576,131.694025,2.191611,0.678253
002714,2023-12-31,A,2.679257,136.231799,1.757446,0.570929
002714,2023-12-31,B,7.579313,48.157399,0.084311,0.03991
002714,2024-03-31,A,2.724552,133.966979,1.69958,0.572176
002714,2024-06-30,A,2.648323,137.823068,1.865297,0.604183
002714,2024-06-30,B,3.645393,100.126379,0.059031,0.027991
002714,2024-09-30,A,2.690914,135.641644,2.029734,0.654733
002714,2024-12-31,A,2.661875,137.12139,2.208893,0.720249
002714,2024-12-31,B,4.115013,88.699598,0.067192,0.027309
002714,2025-03-31,A,2.781726,131.213498,2.129835,0.748343
002714,2025-06-30,A,3.062816,119.171377,2.494317,0.833448
002714,2025-06-30,B,3.833796,95.2059,0.053842,0.024294
002714,2025-09-30,A,3.202645,113.968298,2.465856,0.822315
002714,2025-12-31,A,2.993434,121.933539,2.487513,0.802165
002714,2025-12-31,B,3.583257,101.862635,0.057675,0.022617
002714,2026-03-31,A,2.843399,128.367493,2.060971,0.735159
002714,2026-06-30,A,3.017967,120.942343,2.055694,0.703106
002714,2026-06-30,B,3.481358,104.844144,0.039028,0.017298
