Stkcd,Accper,Typrep,F060101B,F060101C
002714,2013-12-31,A,0.397794,0.397794
002714,2013-12-31,B,0.10737,0.10737
002714,2014-03-31,A,,
002714,2014-03-31,B,,
002714,2014-06-30,A,,1.266239
002714,2014-06-30,B,,4.733889
002714,2014-09-30,A,47.971225,
002714,2014-09-30,B,12.597474,
002714,2014-12-31,A,5.678249,5.678249
002714,2014-12-31,B,8.289827,8.289827
002714,2015-03-31,A,,4.923842
002714,2015-03-31,B,,2.523481
002714,2015-06-30,A,0.524618,2.56982
002714,2015-06-30,B,-8.761224,-0.201889
002714,2015-09-30,A,1.567085,2.14057
002714,2015-09-30,B,-1.887353,-1.951389
002714,2015-12-31,A,1.536297,1.536297
002714,2015-12-31,B,0.505812,0.505812
002714,2016-03-31,A,0.350482,0.935716
002714,2016-03-31,B,-4.923852,-1.023207
002714,2016-06-30,A,0.698657,1.011501
002714,2016-06-30,B,-1.235153,-0.180558
002714,2016-09-30,A,0.722198,0.842153
002714,2016-09-30,B,-0.498387,-0.257174
002714,2016-12-31,A,0.552337,0.552337
002714,2016-12-31,B,-0.595913,-0.595913
002714,2017-03-31,A,0.506905,0.568805
002714,2017-03-31,B,-9.997458,-0.783546
002714,2017-06-30,A,0.703345,0.562269
002714,2017-06-30,B,-5.509153,-0.831501
002714,2017-09-30,A,0.827834,0.636637
002714,2017-09-30,B,-1.93856,-2.007621
002714,2017-12-31,A,0.755491,0.755491
002714,2017-12-31,B,-6.303347,-6.303347
002714,2018-03-31,A,-1.574519,0.674284
002714,2018-03-31,B,-0.416308,-1.526408
002714,2018-06-30,A,,0.700231
002714,2018-06-30,B,-2.486151,-3.534179
002714,2018-09-30,A,2.056677,1.114715
002714,2018-09-30,B,-2.237993,-5.0415
002714,2018-12-31,A,2.57094,2.57094
002714,2018-12-31,B,4.009797,4.009797
002714,2019-03-31,A,,
002714,2019-03-31,B,-32.840817,
002714,2019-06-30,A,,6.454447
002714,2019-06-30,B,-3.986582,13.689182
002714,2019-09-30,A,3.249265,3.285669
002714,2019-09-30,B,10.964773,19.750532
002714,2019-12-31,A,1.576416,1.576416
002714,2019-12-31,B,10.334126,10.334126
002714,2020-03-31,A,0.964764,1.268044
002714,2020-03-31,B,10.592987,12.899803
002714,2020-06-30,A,0.94749,1.080814
002714,2020-06-30,B,18.469501,18.888218
002714,2020-09-30,A,0.827506,0.871247
002714,2020-09-30,B,22.48564,16.083329
002714,2020-12-31,A,0.763323,0.763323
002714,2020-12-31,B,1.045852,1.045852
002714,2021-03-31,A,0.590833,0.695318
002714,2021-03-31,B,-25.750912,0.096505
002714,2021-06-30,A,1.182278,0.847656
002714,2021-06-30,B,11.094055,0.903619
002714,2021-09-30,A,1.36836,1.021808
002714,2011-12-31,A,0.499373,0.499373
002714,2011-12-31,B,0.312282,0.312282
002714,2012-12-31,A,1.231038,1.231038
002714,2012-12-31,B,1.157741,1.157741
002714,2013-06-30,A,-1.581637,
002714,2013-06-30,B,-4.283993,
002714,2021-12-31,A,2.133253,2.133253
002714,2021-12-31,B,0.762387,0.762387
002714,2022-03-31,A,,
002714,2022-06-30,A,,
002714,2022-06-30,B,,-0.147595
002714,2022-09-30,A,5.401845,
002714,2022-12-31,A,1.540878,1.540878
002714,2022-12-31,B,5.763563,5.763563
002714,2023-03-31,A,,0.985774
002714,2023-06-30,A,,1.114885
002714,2023-06-30,B,-13.233469,1.969245
002714,2023-09-30,A,,1.735867
002714,2023-12-31,A,,
002714,2023-12-31,B,-0.352693,-0.352693
002714,2024-03-31,A,,
002714,2024-06-30,A,15.099518,
002714,2024-06-30,B,9.153676,5.660899
002714,2024-09-30,A,2.594592,3.697906
002714,2024-12-31,A,1.983777,1.983777
002714,2024-12-31,B,5.162562,5.162562
002714,2025-03-31,A,1.624926,1.537596
002714,2025-06-30,A,1.608006,1.373975
002714,2025-06-30,B,0.726767,1.823716
002714,2025-09-30,A,1.891167,1.620986
002714,2025-12-31,A,1.900869,1.900869
002714,2025-12-31,B,-0.619227,-0.619227
002714,2026-03-31,A,,2.169448
002714,2026-06-30,A,,
002714,2026-06-30,B,1.104376,-0.547611
