Stkcd,Accper,Typrep,B001100000,B001101000,B001200000,B001201000,B001209000,B001210000,B001211000,B001300000,B001000000,B002100000,B002000000,B002000101,B003000000,B001216000,IfCorrect
002714,2013-12-31,A,2044402771.09,2044402771.09,1784684387.69,1639297666.86,6456814.88,62888489.38,76048270.37,259814599.34,303829476.61,0.0,303829476.61,303829476.61,1.43,,0
002714,2013-12-31,B,1710107402.45,1710107402.45,1537512455.03,1388849264.72,6071336.56,54017293.3,73988100.48,177844263.74,213283070.29,0.0,213283070.29,0.0,0.0,,0
002714,2013-01-01,A,1490836425.09,1490836425.09,1190587551.86,1072368266.19,5626659.46,61843517.61,50919065.27,301335260.52,332447654.83,2239790.35,330207864.48,330207864.48,1.56,,0
002714,2013-01-01,B,1605941331.24,1605941331.24,1306952382.91,1187667083.44,5537035.2,55666837.4,51059490.09,291247643.99,317816239.3,2239790.35,315576448.95,0.0,0.0,,0
002714,2014-03-31,A,449064970.32,449064970.32,515240527.95,466784990.71,1885056.82,16339814.75,30205412.66,-65842507.85,-55720259.48,0.0,-55720259.48,-55720259.48,-0.26,,0
002714,2014-03-31,B,328701796.74,328701796.74,364582565.65,335881904.29,1720661.64,14728943.82,18588308.45,-31220895.81,-22108142.16,0.0,-22108142.16,0.0,-0.1,,0
002714,2014-06-30,A,1078232858.19,1078232858.19,1175648374.54,1083057981.33,3102428.21,36414443.58,53077766.66,-96205766.24,-80458465.01,0.0,-80458465.01,-80458465.01,-0.34,,0
002714,2014-06-30,B,750720656.36,750720656.36,799539940.43,741287517.63,2786594.8,31480939.62,32696485.28,-44527593.82,-30882705.53,0.0,-30882705.53,0.0,0.0,,0
002714,2014-09-30,A,1743732537.32,1743732537.32,1763168535.09,1625857454.14,4226784.89,54082363.42,78996738.34,-18535020.17,2699383.24,0.0,2699383.24,2699383.24,0.01,,0
002714,2014-09-30,B,1184363741.11,1184363741.11,1191816113.39,1101796332.4,3590880.29,46448581.05,51617937.19,41048591.47,46527275.86,0.0,46527275.86,0.0,0.0,,0
002714,2014-12-31,A,2604763390.34,2604763390.34,2585777818.7,2403293260.03,5290361.42,74100915.46,103097521.43,20975271.95,80198054.82,0.0,80198054.82,80198054.82,0.33,,0
002714,2014-12-31,B,1703866712.01,1703866712.01,1693280241.27,1565101728.27,4475678.23,60599889.44,67215994.75,14174612.31,65246305.33,0.0,65246305.33,0.0,0.0,,0
002714,2014-01-01,A,2044402771.09,2044402771.09,1784684387.69,1639297666.86,6456814.88,62888489.38,76048270.37,259814599.34,303829476.61,0.0,303829476.61,303829476.61,1.43,,0
002714,2014-01-01,B,1710107402.45,1710107402.45,1537512455.03,1388849264.72,6071336.56,54017293.3,73988100.48,177844263.74,213283070.29,0.0,213283070.29,0.0,0.0,,0
002714,2015-03-31,A,499900045.93,499900045.93,538855295.77,487374641.39,1142721.34,19850642.34,30440154.67,-38245176.76,-20194850.1,0.0,-20194850.1,-20194850.1,-0.08,,0
002714,2015-03-31,B,309352525.61,309352525.61,335429741.22,298007773.25,984008.33,13449706.06,16641683.21,-23984542.3,-12195637.04,0.0,-12195637.04,0.0,-0.05,,0
002714,2015-06-30,A,1124726470.65,1124726470.65,1110627986.52,1004244178.62,2740395.16,42792626.94,60849415.8,14866896.53,46832480.71,0.0,46832480.71,46832480.71,0.1,,0
002714,2015-06-30,B,735244702.86,735244702.86,729763260.53,647052380.09,2398407.88,28846908.87,34172462.57,5452551.74,25157960.27,0.0,25157960.27,0.0,0.0,,0
002714,2015-09-30,A,1946205686.31,1946205686.31,1713370741.18,1547092364.93,4357218.28,66843457.96,95069018.46,234279891.97,278997065.12,0.0,278997065.12,278997065.12,0.58,,0
002714,2015-09-30,B,1215705274.92,1215705274.92,1105442332.43,967922815.17,3833974.48,45881643.03,56636815.51,109737580.27,136135629.39,0.0,136135629.39,0.0,0.0,,0
002714,2015-12-31,A,3003474722.79,3003474722.79,2499375882.39,2263913601.92,6201326.76,101748390.03,127499822.47,505431577.31,595850841.56,0.0,595850841.56,595850841.56,1.23,,0
002714,2015-12-31,B,1784996600.51,1784996600.51,1530638337.45,1347104166.96,5431644.32,69711297.36,78525821.77,253461851.69,311985951.24,0.0,311985951.24,0.0,0.0,,0
002714,2015-01-01,A,2604763390.34,2604763390.34,2585777818.7,2403293260.03,5290361.42,74100915.46,103097521.43,20975271.95,80198054.82,0.0,80198054.82,80198054.82,0.17,,0
002714,2015-01-01,B,1703866712.01,1703866712.01,1693280241.27,1565101728.27,4475678.23,60599889.44,67215994.75,14174612.31,65246305.33,0.0,65246305.33,0.0,0.0,,0
002714,2016-03-31,A,912227007.83,912227007.83,561722637.02,491997371.74,1774017.12,31417486.08,36485902.26,352466673.02,367957213.87,0.0,367957213.87,367957213.87,0.71,,0
002714,2016-03-31,B,461641485.29,461641485.29,340665191.92,258245549.53,1405540.28,19534493.05,22347481.02,120822620.11,128731584.95,0.0,128731584.95,0.0,0.25,,0
002714,2016-06-30,A,2284304637.7,2284304637.7,1255904883.81,1110865288.57,4544563.22,67128446.84,73310843.88,1034645806.24,1072428895.89,0.0,1072428895.89,1072428895.89,2.07,,0
002714,2016-06-30,B,1141673239.22,1141673239.22,757557901.32,608256231.3,3350212.61,42089578.81,44115435.06,389058341.84,407748826.67,0.0,407748826.67,0.0,0.0,,0
002714,2016-09-30,A,3900155170.34,3900155170.34,2203557378.56,1973169160.36,8694497.63,105289119.32,116111171.9,1703908946.19,1761932747.31,0.0,1761932747.31,1761932747.31,1.7,,0
002714,2016-09-30,B,1635473654.67,1635473654.67,980301822.52,892268852.22,5497296.0,66968252.62,67608450.95,1880148697.4,1906895537.09,0.0,1906895537.09,0.0,0.0,,0
002714,2016-12-31,A,5605907003.09,5605907003.09,3386024848.38,3044443181.94,13563243.05,149539705.14,172235517.45,2228005065.81,2321898712.22,,2321898712.22,2321898712.22,2.25,,0
002714,2016-12-31,B,2146876931.45,2146876931.45,1394186134.51,1241157310.81,7592007.19,98019058.6,98544126.24,1976959943.12,2017376528.17,,2017376528.17,,,,1
002714,2016-01-01,A,3003474722.79,3003474722.79,2499375882.39,2263913601.92,6201326.76,101748390.03,127499822.47,505431577.31,595850841.56,,595850841.56,595850841.56,0.62,,0
002714,2016-01-01,B,1784996600.51,1784996600.51,1530638337.45,1347104166.96,5431644.32,69711297.36,78525821.77,253461851.69,311985951.24,,311985951.24,,,,0
002714,2017-03-31,A,1967844689.37,1967844689.37,1304781074.3,1171543690.55,7653723.64,53614869.73,66400349.8,671363410.0,680036371.42,,680036371.42,680036371.42,0.66,,0
002714,2017-03-31,B,494681317.81,494681317.81,403489142.84,309656766.03,3257416.73,45455076.33,42763068.42,93443422.51,98928225.82,,98928225.82,,,,0
002714,2017-06-30,A,4230655679.54,4230655679.54,3110555473.06,2777113000.51,15521278.97,172192519.31,137944461.37,1200809009.66,1200268269.1,,1200268269.1,1200268269.1,1.12,,0
002714,2017-06-30,B,982898314.77,982898314.77,871861059.07,659700177.55,6116629.57,107602541.93,97352483.07,134877582.69,136790842.43,,136790842.43,,,,0
002714,2017-09-30,A,7157138902.69,7157138902.69,5460112068.62,4910601655.35,27926972.44,297222461.46,212580291.53,1821165668.23,1812211858.89,,1812211858.89,1812211858.89,1.64,,0
002714,2017-09-30,B,1453510612.74,1453510612.74,1354550772.83,1001666866.67,10533437.34,186293795.37,154597741.67,434559110.4,434464601.3,,434464601.3,,,,0
002714,2017-12-31,A,10042415931.26,10042415931.26,7871146372.0,7048993912.33,38849279.9,454234849.15,312048550.82,2389569913.88,2365559415.84,30051.85,2365529363.99,2365529363.99,2.12,,1
002714,2017-12-31,B,1866518874.91,1866518874.91,1830137572.7,1307268988.2,13525968.92,274895829.03,232386536.7,391078820.88,387142656.52,,387142656.52,,,,0
002714,2017-01-01,A,5605907003.09,5605907003.09,3386024848.38,3044443181.94,13563243.05,149539705.14,172235517.45,2228005065.81,2321898712.22,,2321898712.22,2321898712.22,2.25,,0
002714,2017-01-01,B,2146876931.45,2146876931.45,1394186134.51,1241157310.81,7592007.19,98019058.6,98544126.24,1976959943.12,2017376528.17,,2017376528.17,,,,0
002714,2018-03-31,A,2755526839.54,2755526839.54,2693285444.65,2395495111.33,11199281.91,165274199.8,115804205.04,144434537.66,136035166.16,-2331.58,136037497.74,136037497.74,0.12,,0
002714,2018-03-31,B,354093153.26,354093153.26,455868170.94,289838860.4,2521772.01,70934286.69,92266845.35,912888595.03,911026385.36,,911026385.36,,,,0
002714,2018-06-30,A,5512954783.41,5512954783.41,5751309745.01,5162886819.88,22757439.52,310068981.56,245303846.09,-75936569.74,-78576476.9,79250.66,-78655727.56,-78655727.56,-0.04,,0
002714,2018-06-30,B,703878155.76,703878155.76,964393998.63,607404175.51,5119636.68,130230427.81,221041962.13,765941806.29,765156227.04,,765156227.04,,,,0
002714,2018-09-30,A,9181430057.82,9181430057.82,9071319080.01,8190796531.67,36448632.17,370772641.8,392803732.16,362962040.55,350270033.0,79250.66,350190782.34,350190782.34,0.17,65261022.45,0
002714,2018-09-30,B,1056866269.66,1056866269.66,1436813995.44,877262095.23,8154072.49,148432126.55,357767353.24,656079704.63,655119658.39,,655119658.39,,,44270587.45,0
002714,2018-12-31,A,13388157685.94,13388157685.94,13280445375.76,12074044989.84,54139682.76,500336559.02,538268500.97,523975834.49,526113868.97,-1965130.51,528078999.48,520208830.16,0.17,91211223.4,0
002714,2018-12-31,B,1492819534.65,1492819534.65,2011344684.25,1241450848.57,11405341.69,205562303.58,488752001.15,789276449.81,785231739.19,275306.94,784956432.25,,,62203215.13,0
002714,2018-01-01,A,10042415931.26,10042415931.26,7871146372.0,7048993912.33,38849279.9,380259450.6,312048550.82,2389569913.88,2365559415.84,30051.85,2365529363.99,2365529363.99,1.18,73975398.55,1
002714,2018-01-01,B,1866518874.91,1866518874.91,1830137572.7,1307268988.2,13525968.92,209551723.85,232386536.7,391078820.88,387142656.52,,387142656.52,,,65344105.18,0
002714,2019-03-31,A,3048109324.17,3048109324.17,3735724553.31,3359769950.96,22525222.66,150488257.21,177263106.77,-557712734.65,-553862645.08,2979063.71,-556841708.79,-540937526.98,-0.26,17907287.52,0
002714,2019-03-31,B,285974191.77,285974191.77,451989157.6,241419869.9,2776801.68,49909922.35,146399412.95,48070993.87,49020200.21,,49020200.21,,,10951981.21,0
002714,2019-06-30,A,7159864726.96,7159864726.96,7568780488.84,6867438276.73,47887925.46,279936054.74,323845605.59,-166352915.54,-154043741.12,-4483346.01,-149560395.11,-155701871.63,-0.07,38811986.64,0
002714,2019-06-30,B,709481633.22,709481633.22,959150187.78,560231770.14,5511618.68,97270603.78,270918879.07,266108658.98,270356726.87,,270356726.87,,,24391764.01,0
002714,2019-09-30,A,11733288713.79,11733288713.79,10635054231.42,9533988757.67,74075397.06,462969845.58,479037275.99,1452227970.03,1441632075.1,-12798820.49,1454430895.59,1386912668.52,0.66,68923919.6,0
002714,2019-09-30,B,1135189237.42,1135189237.42,1427080918.58,809558527.74,8465872.59,159843071.22,402737179.76,230017429.84,233255219.83,,233255219.83,,,45341649.79,0
002714,2019-12-31,A,20221332525.64,20221332525.64,14419710636.12,12951140545.64,110745672.73,691339222.8,527537232.8,6314833418.14,6319352276.5,-17105811.03,6336458087.53,6114363662.85,2.82,111516485.46,0
002714,2019-12-31,B,1999206603.47,1999206603.47,1960160808.65,1146454587.57,11940352.02,275540976.89,448425415.06,701426388.32,708926687.94,,708926687.94,,,75674547.22,0
002714,2019-01-01,A,13388157685.94,13388157685.94,13279784268.84,12074044989.84,54139682.76,500336559.02,538268500.97,523975834.49,526113868.97,-1965130.51,528078999.48,520208830.16,0.17,91211223.4,0
002714,2019-01-01,B,1492819534.65,1492819534.65,2011282655.39,1241450848.57,11405341.69,205562303.58,488752001.15,789276449.81,785231739.19,275306.94,784956432.25,,,62203215.13,0
002714,2020-03-31,A,8069942791.11,8069942791.11,3599321837.9,2862517848.05,43444380.76,529345502.28,120764923.62,4616740157.46,4540499851.96,-4401287.14,4544901139.1,4131391734.25,1.87,32524500.32,0
002714,2020-03-31,B,455091504.46,455091504.46,795621498.8,265575064.51,2915253.72,410262718.78,96104832.86,229736459.8,183515983.46,,183515983.46,,,20207244.46,0
002714,2020-06-30,A,21032854624.91,21032854624.91,9527045520.62,7909027939.31,95864442.37,1070437867.83,278379036.48,11845321411.22,11752743832.76,-5281878.34,11758025711.1,10784032839.1,2.93,150977372.18,0
002714,2020-06-30,B,1285031589.35,1285031589.35,1816216617.01,862051841.05,2535588.41,628243454.34,214303382.98,351906198.11,286906012.88,,286906012.88,,,107920626.26,0
002714,2020-09-30,A,39164553577.78,39164553577.78,16537161922.97,13838111945.65,166110775.49,1753446959.7,493565108.46,23185660727.49,23084244696.72,2627864.84,23081616831.88,20987828337.83,5.7,251894196.33,0
002714,2020-09-30,B,2300046504.28,2300046504.28,3163057858.1,1679080902.32,3770334.51,944077847.26,340107484.36,511862606.98,450123853.2,,450123853.2,,,194588575.28,0
002714,2020-12-31,A,56277065607.85,56277065607.85,26726364754.19,22128437831.42,292042064.39,3155567045.99,687804449.44,30423959007.24,30372513238.14,-2256638.01,30374769876.15,27451421940.73,7.46,411871806.55,0
002714,2020-12-31,B,3779348838.25,3779348838.25,5309669989.26,2892655415.85,20485520.03,1736003468.17,387859297.0,7638520189.75,7598052997.91,,7598052997.91,,,270345060.17,0
002714,2020-01-01,A,20221332525.64,20221332525.64,14419710636.12,12951140545.64,110745672.73,691339222.8,527537232.8,6314833418.14,6319352276.5,-17105811.03,6336458087.53,6114363662.85,1.66,111516485.46,0
002714,2020-01-01,B,1999206603.47,1999206603.47,1960160808.65,1146454587.57,11940352.02,275540976.89,448425415.06,701426388.32,708926687.94,,708926687.94,,,75674547.22,0
002714,2021-03-31,A,20152096045.72,20152096045.72,12411875287.37,10906292214.91,155949869.59,768616726.31,431979433.63,8041800167.99,8037740268.0,-11619818.59,8049360086.59,6963072000.64,1.89,131807025.37,0
002714,2021-03-31,B,957616403.69,957616403.69,1272466282.78,732099363.89,6434443.82,307781644.04,167678692.34,205530567.78,204543301.34,,204543301.34,,,57641873.84,0
002714,2021-06-30,A,41537965511.38,41537965511.38,31143987273.28,27901480438.01,352622696.8,1563580351.09,981208569.5,11101920568.61,11149926701.22,-13280071.03,11163206772.25,9525980558.07,1.82,306424114.0,0
002714,2021-06-30,B,2330809008.37,2330809008.37,2897943786.59,2010242105.09,16013121.41,470086240.31,275031535.44,357452163.9,388508054.66,,388508054.66,,,124376903.64,0
002714,2021-09-30,A,56281803768.28,56281803768.28,47712445566.65,42705689806.35,527695002.4,2409784770.28,1544817218.47,9759034228.27,9689289816.95,-25378287.49,9714668104.44,8704266223.85,1.66,466821608.33,0
002714,2021-12-31,A,78889870566.4,78889870566.4,72899887645.69,65679895184.29,699739468.76,3442206185.23,2177725896.35,7668310234.63,7610601758.08,-27981304.27,7638583062.35,6903777691.92,1.28,808149645.92,0
002714,2021-12-31,B,8858225370.34,8858225370.34,8347982163.66,6401771263.08,43257717.16,931682092.13,684981182.24,3249468767.44,3192996423.47,,3192996423.47,,,282020056.69,0
002714,2021-01-01,A,56277065607.85,56277065607.85,26726364754.19,22128437831.42,292042064.39,3155567045.99,687804449.44,30423959007.24,30372513238.14,-2256638.01,30374769876.15,27451421940.73,5.33,411871806.55,0
002714,2021-01-01,B,3779348838.25,3779348838.25,5309669989.26,2892655415.85,20485520.03,1736003468.17,387859297.0,7638520189.75,7598052997.91,,7598052997.91,,,270345060.17,0
002714,2022-03-31,A,18277656240.56,18277656240.56,24628547046.87,22487693038.05,195317192.99,956720467.39,709195728.81,-5809151644.52,-5784213974.49,-24842973.41,-5759371001.08,-5180230377.25,-0.99,244297976.27,0
002714,2022-06-30,A,44267648738.04,44267648738.04,52824773588.55,48466775127.42,377996026.39,2009695024.23,1410135583.83,-7514876744.17,-7421831468.35,-33863948.68,-7387967519.67,-6683595896.21,-1.28,486330294.88,0
002714,2022-06-30,B,4489868016.02,4489868016.02,5148416254.26,3906472199.87,15038843.24,479210223.7,687438193.62,-603379163.01,-584655319.49,,-584655319.49,,,56300614.91,0
002714,2022-09-30,A,80773540062.83,80773540062.83,80588614563.0,73940329356.96,562279703.95,3059489381.81,2129857733.44,1672952993.59,1770999955.61,-54196370.74,1825196326.35,1512298977.39,0.29,766011314.33,0
002714,2022-12-31,A,124826212177.74,124826212177.74,112049610830.72,102987059470.99,758741877.22,4201403857.32,2774697672.56,14853694936.04,14930032188.22,-3368403.36,14933400591.58,13266156512.39,2.49,1142403916.15,0
002714,2022-12-31,B,8522541347.09,8522541347.09,9403038452.24,7274648893.41,30651165.13,678770308.15,1273356084.56,3390054771.76,3430022486.23,,3430022486.23,,,135950481.48,0
002714,2022-01-01,A,78889870566.4,78889870566.4,72899887645.69,65679895184.29,699739468.76,3442206185.23,2177725896.35,7668310234.63,7610601758.08,-27981304.27,7638583062.35,6903777691.92,1.28,808149645.92,0
002714,2022-01-01,B,8858225370.34,8858225370.34,8347982163.66,6401771263.08,43257717.16,931682092.13,684981182.24,3249468767.44,3192996423.47,,3192996423.47,,,282020056.69,0
002714,2023-03-31,A,24198301291.41,24198301291.41,26035171220.85,23742655017.35,205004149.42,1022195273.19,710058958.14,-1190477753.96,-1183700466.38,16794917.67,-1200495384.05,-1198054174.39,-0.22,312427832.71,0
002714,2023-06-30,A,51868974466.09,51868974466.09,55771115076.46,51132881181.99,453746620.93,1921336484.81,1440129957.68,-2682002223.2,-2784711183.06,4512982.25,-2789224165.31,-2779217657.24,-0.52,732418046.46,0
002714,2023-06-30,B,3000262683.0,3000262683.0,3967426191.99,2913440730.7,17478413.23,269354963.74,669327463.21,771256604.73,678502048.03,,678502048.03,,,93348567.4,0
002714,2023-09-30,A,82968655500.72,82968655500.72,86260893356.05,79130164411.09,704179929.93,2903424676.8,2250442728.45,-1422771777.33,-1689747344.08,-10502705.56,-1679244638.52,-1842329322.27,-0.34,1136845156.04,0
002714,2023-12-31,A,110860727714.4,110860727714.4,117175123251.14,107414785992.36,982629505.79,3876278534.16,3054136191.99,-3731911833.83,-4170088485.57,-2219502.73,-4167868982.84,-4263280820.31,-0.79,1657729636.74,0
002714,2023-12-31,B,5245953577.28,5245953577.28,7247704832.14,5030715735.6,36242708.48,587953612.84,1397630596.84,2514587054.05,2420285063.67,,2420285063.67,,,189826092.82,0
002714,2023-01-01,A,124826212177.74,124826212177.74,112182629435.62,102987059470.99,758741877.22,4201403857.32,2907716277.46,14853694936.04,14930032188.22,-3368403.36,14933400591.58,13266156512.39,2.49,1142403916.15,0
002714,2023-01-01,B,8522541347.09,8522541347.09,9403038452.24,7274648893.41,30651165.13,678770308.15,1273356084.56,3390054771.76,3430022486.23,,3430022486.23,,,135950481.48,0
002714,2024-03-31,A,26272049758.43,26272049758.43,29495761881.71,26928981911.85,280075172.54,927241940.31,831391743.53,-2443938017.31,-2467810573.67,-9023084.81,-2458787488.86,-2378911751.33,-0.44,475750518.07,0
002714,2024-06-30,A,56866110089.83,56866110089.83,57303358837.05,52463816378.43,530455047.64,1757711156.99,1572134937.82,1155749117.02,1004954074.09,-19835619.95,1024789694.04,829288208.44,0.15,875591367.45,0
002714,2024-06-30,B,1740445806.09,1740445806.09,2658373465.75,1534484970.73,20832082.06,261990591.3,742456654.73,497083902.4,496664370.02,,496664370.02,,,96325351.97,0
002714,2024-09-30,A,96775125566.31,96775125566.31,87257969738.37,80065365369.9,789207900.14,2688276990.82,2285137859.51,12114594947.09,11213334238.01,-32317420.15,11245651658.16,10481068452.78,1.94,1267646353.55,0
002714,2024-12-31,A,137946892076.87,137946892076.87,121039784047.57,111666526476.89,1095680280.69,3331717607.87,2975449911.06,20010546646.69,18896478910.64,-28565993.61,18925044904.25,17881260485.27,3.3,1747217657.28,0
002714,2024-12-31,B,3672780881.03,3672780881.03,5114030386.68,2886959892.3,48792549.05,516364995.72,1451951438.45,3981005206.36,3865724008.71,,3865724008.71,,,200374912.68,0
002714,2024-01-01,A,110860727714.4,110860727714.4,117175123251.14,107414785992.36,982629505.79,3876278534.16,3054136191.99,-3731911833.83,-4170088485.57,-2219502.73,-4167868982.84,-4263280820.31,-0.79,1657729636.74,0
002714,2024-01-01,B,5245953577.28,5245953577.28,7247704832.14,5030715735.6,36242708.48,587953612.84,1397630596.84,2514587054.05,2420285063.67,,2420285063.67,,,189826092.82,0
002714,2025-03-31,A,36061237090.13,36061237090.13,32100479660.11,29508232318.23,326071241.9,949728261.6,737228155.91,4661656654.48,4608980250.9,-10316796.53,4619297047.43,4491095122.49,0.83,513534675.35,0
002714,2025-06-30,A,76462752679.74,76462752679.74,66843142187.53,61920830173.58,641006568.06,1813822412.08,1411019996.45,11005768383.34,10770067649.21,-20198971.13,10790266620.34,10530051098.42,1.96,921062913.01,0
002714,2025-06-30,B,1764271424.25,1764271424.25,2566236893.5,1391984771.39,37860854.88,248576204.4,794021494.09,8437288761.6,8447544159.87,,8447544159.87,,,91158381.15,0
002714,2025-09-30,A,111790004878.72,111790004878.72,97957613626.94,90855472034.76,943713593.9,2741455314.71,1950978061.16,15948747717.58,15096472050.73,-15651169.07,15112123219.8,14778904957.09,2.74,1263347695.17,0
002714,2025-12-31,A,144144965371.68,144144965371.68,128060061874.57,118461055325.37,1294581842.45,3922418192.19,2457807449.13,16894216594.0,15809937800.4,-1879743.05,15811817543.45,15486891254.04,2.88,1648195006.0,1
002714,2025-12-31,B,3244132249.6,3244132249.6,5064443071.08,2618469901.23,70344392.82,668774315.33,1522632224.28,10146785036.07,10038674136.53,,10038674136.53,,,176733578.45,1
002714,2025-01-01,A,137946892076.87,137946892076.87,118692275807.63,109319018236.95,1095680280.69,3331717607.87,2975449911.06,20010546646.69,18896478910.64,-28565993.61,18925044904.25,17881260485.27,3.3,1747217657.28,1
002714,2025-01-01,B,3672780881.03,3672780881.03,5077474417.96,2850403923.58,48792549.05,516364995.72,1451951438.45,3981005206.36,3865724008.71,,3865724008.71,,,200374912.68,1
002714,2026-03-31,A,29893668691.43,29893668691.43,30660788110.83,28347591458.67,346287117.04,940081009.79,580371980.77,-953579354.35,-1060188790.22,161961222.03,-1222150012.25,-1214841304.35,-0.22,380787828.04,0
002714,2026-06-30,A,59410306384.59,59410306384.59,64732702472.99,60346397370.48,660361293.28,1761203529.95,1119551582.0,-5385331488.61,-5664332696.94,420112208.0,-6084444904.94,-6077653278.94,-1.1,708527070.24,0
002714,2026-06-30,B,1373899321.4,1373899321.4,2783370036.91,1382991933.18,19183548.91,414203881.19,853447623.99,6942184333.66,6951802373.93,,6951802373.93,,,109476495.65,0
