Stkcd,Accper,Typrep,C001001000,C001000000,C002006000,C002000000,C003006000,C003000000,C005000000,C006000000,IfCorrect
002714,2013-12-31,A,2032479368.02,120861512.74,657039618.18,-662900259.14,171860693.34,535718955.47,-6319790.93,170230848.9,0
002714,2013-12-31,B,1624409025.21,22900257.32,187482534.55,-449438662.17,148267860.76,397231788.05,-29306616.8,74912397.92,0
002714,2013-01-01,A,1518609461.63,406498277.69,584444158.08,-554313857.08,92092426.89,245363569.54,97547990.15,176550639.83,0
002714,2013-01-01,B,1465489144.63,365355657.0,245436915.81,-335306614.81,86112183.81,11386762.12,41435804.31,104219014.72,0
002714,2014-03-31,A,450787708.0,9199185.29,172513209.34,-172513209.34,29499310.71,507366219.3,344052195.25,514283044.15,0
002714,2014-03-31,B,397211137.49,338593824.81,56279384.06,-723439784.06,18787353.13,381988176.88,-2857782.37,72054615.55,0
002714,2014-06-30,A,1077694508.28,-53255775.39,231827796.59,-231827796.59,54769168.08,655979684.58,370896112.6,541126961.5,0
002714,2014-06-30,B,818772897.39,344952578.43,61525203.06,-762229656.47,32984078.5,457918774.16,40641696.12,115554094.04,0
002714,2014-09-30,A,1757040068.16,129492722.03,443440404.44,-533956114.8,137342201.62,535806651.04,131343258.27,301574107.17,0
002714,2014-09-30,B,1331327944.46,586126149.31,122726486.21,-926960203.44,105842618.71,347460233.95,6626179.82,81538577.74,0
002714,2014-12-31,A,2605051171.12,455384506.87,734803603.52,-869104693.94,163477447.0,549433980.66,135713793.59,305944642.49,0
002714,2014-12-31,B,1835254400.56,540880578.25,196879707.27,-954751275.45,121988937.98,374603914.68,-39266782.52,35645615.4,0
002714,2014-01-01,A,2032479368.02,120861512.74,657039618.18,-662900259.14,171860693.34,535718955.47,-6319790.93,170230848.9,0
002714,2014-01-01,B,1624409025.21,22900257.32,187482534.55,-449438662.17,148267860.76,397231788.05,-29306616.8,74912397.92,0
002714,2015-03-31,A,482696574.7,123618756.2,387838997.04,-297542949.1,26811298.63,219292909.25,45368716.35,351313358.84,0
002714,2015-03-31,B,339852554.43,-12624934.24,50351715.52,-50304215.52,15661576.34,63442631.54,513481.78,36159097.18,0
002714,2015-06-30,A,1098603801.55,24569150.57,743260847.95,-622804345.49,71785139.36,750597998.72,152362803.8,458307446.29,0
002714,2015-06-30,B,729378809.67,-220414526.59,78601679.56,-76136899.0,47117114.02,545026024.06,248474598.47,284120213.87,0
002714,2015-09-30,A,1942506187.56,437212158.7,1258748208.07,-1138269015.61,107892670.9,878276401.2,177219544.29,483164186.78,0
002714,2015-09-30,B,1209594779.65,-256936056.17,106188412.88,-123943857.9,68778847.06,630018834.68,249138920.61,284784536.01,0
002714,2015-12-31,A,2992489139.69,915404078.43,1799051855.24,-2311348473.74,144927431.14,1779485220.4,383540825.09,689485467.58,0
002714,2015-12-31,B,1739344052.56,157806386.12,130411067.84,-1147339039.28,92556835.25,1586724599.26,597191946.1,632837561.5,0
002714,2015-01-01,A,2605051171.12,455384506.87,734803603.52,-869104693.94,163477447.0,549433980.66,135713793.59,305944642.49,0
002714,2015-01-01,B,1835254400.56,540880578.25,196879707.27,-954751275.45,121988937.98,374603914.68,-39266782.52,35645615.4,0
002714,2016-03-31,A,907253303.68,128962410.74,865484173.67,-754244911.49,36807214.64,501843075.7,-123439425.05,566046042.53,0
002714,2016-03-31,B,416030896.05,-633855306.28,54269392.67,8686870.57,23375351.58,348277742.51,-276890693.2,355946868.3,0
002714,2016-06-30,A,2279185423.15,749260413.12,1890160643.49,-1575116430.78,83203880.3,632732121.75,-193123895.91,496361571.67,0
002714,2016-06-30,B,1007903704.69,-503632108.19,121279232.64,130958170.94,56042542.5,-12660686.36,-385334623.61,247502937.89,0
002714,2016-09-30,A,3906656065.87,1272464897.98,3023789750.97,-2578260398.87,292177943.01,1446474710.67,140679209.78,830164677.36,0
002714,2016-09-30,B,1477105751.05,-950371465.95,140155103.98,123052221.33,246152573.76,884308412.19,56989167.57,689826729.07,0
002714,2016-12-31,A,5613616415.68,1282469805.36,4361888976.95,-3865972252.77,341968840.35,2671376892.08,87874444.67,777359912.25,0
002714,2016-12-31,B,1910862946.51,-1202179908.86,164866672.22,-168656849.32,270666662.73,1305402575.51,-65434182.67,567403378.83,0
002714,2016-01-01,A,2992489139.69,915404078.43,1799051855.24,-2311348473.74,144927431.14,1779485220.4,383540825.09,689485467.58,0
002714,2016-01-01,B,1739344052.56,157806386.12,130411067.84,-1147339039.28,92556835.25,1586724599.26,597191946.1,632837561.5,0
002714,2017-03-31,A,1967002230.36,344713694.38,1483289386.52,-1536686726.34,58336314.89,1144671054.33,-47301977.63,730057934.62,0
002714,2017-03-31,B,428244445.82,-989030772.08,86427209.12,-223198270.65,39829419.88,1307408101.61,95179058.88,662582437.71,0
002714,2017-06-30,A,4257566059.66,844202507.69,2674942402.54,-3368273927.93,129629650.92,3181656278.25,657584858.01,1434944770.26,0
002714,2017-06-30,B,841358668.22,-753601713.24,76989664.98,-2495970772.74,88522147.94,3543257191.14,293684705.16,861088083.99,0
002714,2017-09-30,A,7168351634.41,1500211276.81,4290126467.71,-4900629331.42,1016263418.6,3927039087.41,526621032.8,1303980945.05,0
002714,2017-09-30,B,1639216659.22,-842235669.79,73760841.87,-2651261786.8,958958038.56,3772428079.55,278930622.96,846334001.79,0
002714,2017-12-31,A,10051317866.03,1787135984.13,6276361160.27,-6441395779.84,1095605237.79,8052398899.96,3398139104.25,4175499016.5,0
002714,2017-12-31,B,2113618739.58,-2440294434.19,83559406.25,-2636469114.48,1008710515.41,8003420371.9,2926656823.23,3494060202.06,0
002714,2017-01-01,A,5613616415.68,1282469805.36,4361888976.95,-3865972252.77,341968840.35,2671376892.08,87874444.67,777359912.25,0
002714,2017-01-01,B,1910862946.51,-1202179908.86,164866672.22,-168656849.32,270666662.73,1305402575.51,-65434182.67,567403378.83,0
002714,2018-03-31,A,2385701802.83,-214193686.61,1871290993.34,-3484790513.27,70843363.62,2175223677.23,-1524010522.53,2651488493.97,0
002714,2018-03-31,B,343707501.81,-379267489.44,25164730.39,-3045011245.56,52323124.82,2044778629.84,-1379750105.04,2114310097.02,0
002714,2018-06-30,A,5554158589.49,-182058457.99,2625914699.09,-4051276126.16,487829291.59,1057696969.17,-3175872343.33,999626673.17,0
002714,2018-06-30,B,727815867.47,-1902294063.77,29133821.78,-2065705567.03,444167965.64,1086565001.52,-2881673330.56,612386871.5,0
002714,2018-09-30,A,9268741540.89,720229237.42,3422619696.23,-4470801083.84,1179211643.77,908615281.72,-2842072971.42,1333426045.08,0
002714,2018-09-30,B,1089601213.11,-1466153348.56,29552367.53,-2123343100.17,1115613927.78,800459005.31,-2789157823.07,704902378.99,0
002714,2018-12-31,A,13445634173.67,1357659325.5,5047299101.29,-5780996731.32,1474173027.78,2647442392.4,-1776011420.14,2399487596.36,0
002714,2018-12-31,B,1493502230.17,3147516178.21,81921657.96,-5876429330.95,1386920476.84,1285232058.8,-1443801473.59,2050258728.47,0
002714,2018-01-01,A,10051317866.03,1787135984.13,6276361160.27,-6441395779.84,1095605237.79,8052398899.96,3398139104.25,4175499016.5,0
002714,2018-01-01,B,2113618739.58,-2440294434.19,83559406.25,-2636469114.48,1008710515.41,8003420371.9,2926656823.23,3494060202.06,0
002714,2019-03-31,A,3005596640.1,-130492019.72,1565375500.83,-1119036133.74,98184443.2,573634284.69,-675893868.77,2039353721.29,0
002714,2019-03-31,B,253139361.43,-1609863414.72,161101103.61,-311101103.61,77434677.05,638357290.71,-1282607227.62,1083411494.55,0
002714,2019-06-30,A,7094089428.49,1411089485.19,3325630138.61,-2786803788.39,252233398.16,252527538.07,-1123187161.18,1276300435.18,0
002714,2019-06-30,B,801914614.98,-1077799154.11,164012720.5,-1021627306.72,207566155.76,476575779.64,-1622850681.19,427408047.28,0
002714,2019-09-30,A,11679320594.44,4725830823.95,5857505832.22,-6013991686.28,623931283.37,1941736518.15,653575256.28,3053062852.64,0
002714,2019-09-30,B,1063532355.92,2557590468.86,192119323.23,-5675882393.83,562379174.67,2137389307.21,-980902617.76,1069356110.71,0
002714,2019-12-31,A,20446389275.17,9988895350.91,13120600272.64,-12798944185.66,883776900.52,10365557642.85,7551713376.15,9951200972.51,0
002714,2019-12-31,B,1792385113.8,7326138037.18,235291497.06,-6495143240.42,796743544.18,3098059223.18,3925259019.94,5975517748.41,0
002714,2019-01-01,A,13445634173.67,1357659325.5,5047299101.29,-5780996731.32,1474173027.78,2647442392.4,-1776011420.14,2399487596.36,0
002714,2019-01-01,B,1493502230.17,3147516178.21,81921657.96,-5876429330.95,1376323874.12,1285232058.8,-1443801473.59,2050258728.47,0
002714,2020-03-31,A,8158503866.32,4384756332.22,7804663940.26,-7364960065.46,193448795.55,12820318901.14,9841381933.46,19792582905.97,0
002714,2020-03-31,B,630521296.15,1943982373.3,79165481.42,-6378176666.08,126278316.66,3778672852.47,-654254696.31,5321263052.1,0
002714,2020-06-30,A,21314976743.34,11140610724.95,17989313734.67,-17451038996.42,1600072465.84,19609263985.82,13300101859.26,23251302831.77,0
002714,2020-06-30,B,1473464052.63,5299010954.56,178470295.69,-10311278524.91,1445953281.06,5502632622.51,491631465.37,6467149213.78,0
002714,2020-09-30,A,39601493621.52,19100181559.33,31687665926.6,-30973389503.64,2788020915.85,23814684926.94,11942727033.64,21893928006.15,0
002714,2020-09-30,B,2060492358.7,10121323030.88,377526485.83,-12812793577.37,1632536209.99,5196927078.62,2506707028.46,8482224776.87,0
002714,2020-12-31,A,56968155815.15,23185751195.99,46070787544.35,-45353305658.4,3413824578.82,26124065928.36,3957744283.59,13908945256.1,0
002714,2020-12-31,B,3707159583.61,7946439251.79,560878774.45,-11662113228.04,1955114402.91,5173884456.17,1459443929.18,7434961677.59,0
002714,2020-01-01,A,20446389275.17,9988895350.91,13120600272.64,-12798944185.66,883776900.52,10365557642.85,7551713376.15,9951200972.51,0
002714,2020-01-01,B,1792385113.8,7326138037.18,235291497.06,-6495143240.42,796743544.18,3098059223.18,3925259019.94,5975517748.41,0
002714,2021-03-31,A,20397672126.91,4755828247.31,14491513895.45,-14550287971.67,1114352640.43,3764179559.73,-6030280202.1,7878665054.0,0
002714,2021-03-31,B,942390124.59,-5267176485.67,50920506.61,-367200256.83,166577453.86,-69175359.34,-5703552150.36,1731409527.23,0
002714,2021-06-30,A,42178271201.72,13198018566.5,22321028753.98,-22426762440.16,7090692961.74,220949041.53,-9007794013.19,4901151242.91,0
002714,2021-06-30,B,1741449084.21,4310129730.21,98152033.06,-5249289610.83,5808826983.78,-5756214768.93,-6695374698.07,739586979.52,0
002714,2021-09-30,A,57178106451.45,13293165491.84,28224281833.32,-28325326301.37,8298750678.45,9575940274.5,-5456219713.27,8452725542.83,0
002714,2021-12-31,A,80150334237.77,16295026813.82,35852334356.78,-35967714588.11,8966972376.87,14170997367.2,-5501689618.47,8407255637.63,0
002714,2021-12-31,B,3947522722.68,2434298172.13,258157122.35,-15827208202.6,6257021226.8,6962863626.49,-6430046479.6,1004915197.99,0
002714,2021-01-01,A,56968155815.15,23185751195.99,46070787544.35,-45353305658.4,3413824578.82,26124065928.36,3957744283.59,13908945256.1,0
002714,2021-01-01,B,3707159583.61,7946439251.79,560878774.45,-11662113228.04,1955114402.91,5173884456.17,1459443929.18,7434961677.59,0
002714,2022-03-31,A,19034733641.83,-58213007.43,5914267261.26,-5912610439.14,692957610.26,8188296935.34,2217473493.57,10624729131.2,0
002714,2022-06-30,A,46432630142.19,190418586.16,7971549102.66,-8009432097.72,2548802462.43,6003056054.01,-1815957374.46,6591298263.17,0
002714,2022-06-30,B,2320230885.9,1548195009.28,131308033.97,-6493473625.22,1789306188.0,5734827293.53,789548682.8,1794463880.79,0
002714,2022-09-30,A,83126596153.87,9859427608.05,11613297157.98,-11765754741.88,3349593947.9,3285299127.64,1378969625.15,9786225262.78,0
002714,2022-12-31,A,127402641896.52,23010550801.93,15738918946.02,-15928720515.89,4190777891.87,2420574383.27,9503034086.03,17910289723.66,0
002714,2022-12-31,B,8338312697.79,19769151010.6,227044660.73,-17989043251.09,2478578812.2,1765716834.65,3545824605.15,4550739803.14,0
002714,2022-01-01,A,80150334237.77,16295026813.82,35852334356.78,-35967714588.11,8966972376.87,14170997367.2,-5501689618.47,8407255637.63,0
002714,2022-01-01,B,3947522722.68,2434298172.13,258157122.35,-15827208202.6,6257021226.8,6962863626.49,-6430046479.6,1004915197.99,0
002714,2023-03-31,A,24586752851.96,-3853793609.91,4058595551.25,-4047346897.67,1169723314.07,10174107995.59,2266062343.38,20176352067.04,0
002714,2023-06-30,A,52777436933.62,-1044041987.65,9554565889.82,-9691748252.45,1917563671.03,7563508056.77,-3179147347.08,14731142376.58,0
002714,2023-06-30,B,2607637493.43,-8978935746.38,112034668.42,-2017344264.91,509660216.0,9416775119.31,-1579504885.62,2971234917.52,0
002714,2023-09-30,A,84512602680.63,6688025660.0,13842115841.44,-14621095233.78,7108513389.93,3306090250.19,-4633846296.23,13276443427.43,0
002714,2023-12-31,A,113022315178.98,9892816863.72,17015725403.56,-17218814433.26,7747123200.88,3198968342.21,-4133896822.77,13776392900.89,0
002714,2023-12-31,B,9865328032.72,-853616958.24,380623616.58,-4356602280.09,5114523812.35,6078090853.9,867872900.23,5418612703.37,0
002714,2023-01-01,A,127402641896.52,23010550801.93,15738918946.02,-15928720515.89,4190777891.87,2420574383.27,9503034086.03,17910289723.66,0
002714,2023-01-01,B,8338312697.79,19769151010.6,227044660.73,-17989043251.09,2478578812.2,1765716834.65,3545824605.15,4550739803.14,0
002714,2024-03-31,A,26855099758.0,5066779306.59,4812211531.17,-5421723824.37,1186335672.35,1978860323.55,1623915258.07,15400308158.96,0
002714,2024-06-30,A,57920324596.39,15473830280.37,5999964473.27,-6335381096.43,2008606920.31,-8341870920.54,796585274.4,14572978175.29,0
002714,2024-06-30,B,1906822980.15,4546304701.52,138005492.03,-3324875452.46,562950110.8,-1732064591.75,-510629221.05,4907983482.32,0
002714,2024-09-30,A,98604777768.48,29177873951.82,10165085857.38,-12668460355.76,3171920405.46,-14540648643.14,1968738618.88,15745131519.77,0
002714,2024-12-31,A,139571501962.38,37543066214.49,12380725812.0,-13246168121.58,8255880276.03,-25228713525.65,-931841287.81,12844551613.08,0
002714,2024-12-31,B,4120295594.68,19957041633.13,142855385.55,-14902064409.26,5665252036.63,-6063101901.28,-1008118763.2,4410493940.17,0
002714,2024-01-01,A,113022315178.98,9892816863.72,17015725403.56,-17218814433.26,7747123200.88,3198968342.21,-4133896822.77,13776392900.89,0
002714,2024-01-01,B,9865328032.72,-853616958.24,380623616.58,-4356602280.09,5114523812.35,6078090853.9,867872900.23,5418612703.37,0
002714,2025-03-31,A,37368184107.8,7506015637.01,2866856539.71,-7446148635.77,647714328.24,6548071550.63,6608052653.23,19452604266.31,0
002714,2025-06-30,A,78524590695.1,17350809939.4,5225824186.32,-5931445429.58,4404721758.77,-7863100413.38,3556460157.72,16401011770.8,0
002714,2025-06-30,B,2354977184.73,6139395671.06,380781616.14,149795131.27,3651814088.18,-54810469.65,6234380353.75,10644874293.92,0
002714,2025-09-30,A,115157711555.67,28579542847.47,7286587136.74,-8499316800.5,4963784283.57,-15656261351.92,4424184492.75,17268736105.83,0
002714,2025-12-31,A,148839803701.86,30056186914.47,9528929651.93,-7244761687.12,10344664907.19,-22877950696.52,-66495521.21,12778056091.87,0
002714,2025-12-31,B,4525132953.57,-6216217252.27,468830830.5,6427978517.73,9291724439.8,289004218.37,500850709.54,4911344649.71,0
002714,2025-01-01,A,139571501962.38,37543066214.49,12380725812.0,-13246168121.58,8255880276.03,-25228713525.65,-931841287.81,12844551613.08,0
002714,2025-01-01,B,4120295594.68,19957041633.13,142855385.55,-14902064409.26,5665252036.63,-6063101901.28,-1008118763.2,4410493940.17,0
002714,2026-03-31,A,30852082458.77,-919971284.57,4491282707.2,-7781509914.86,390855856.01,7987508158.26,-774560989.83,12003495102.04,0
002714,2026-06-30,A,61850387055.24,-2223668382.68,6520966515.39,-8015327308.85,3186713949.17,11159762101.56,851050464.58,13629106556.45,0
002714,2026-06-30,B,1365634577.88,7677406860.08,222612108.06,-17504419377.28,3053769134.21,15663464599.71,5765748450.68,10677093100.39,0
