Stkcd,Accper,Typrep,A001101000,A001123000,A001100000,A001204000,A001212000,A001216000,A001200000,A001000000,A002101000,A002100000,A002201000,A002203000,A002200000,A002000000,A003105000,A003100000,A003000000,A004000000,IfCorrect
002714,2013-01-01,A,177552366.73,506117311.44,715561105.02,0.0,849202042.02,202740202.15,1424640455.76,2140201560.78,353000000.0,659455135.29,453544630.95,0.0,453544630.95,1112999766.24,629691963.44,1027201794.54,1027201794.54,2140201560.78,0
002714,2013-01-01,B,105220741.62,449079903.54,795768561.7,0.0,589890435.39,97945830.32,1026295676.28,1822064237.98,353000000.0,611653779.16,200000000.0,0.0,200000000.0,811653779.16,612900627.72,0.0,1010410458.82,1822064237.98,0
002714,2013-12-31,A,187835839.49,1021416110.17,1240166188.88,0.0,1296407250.94,199998586.24,1994376867.46,3234543056.34,898000000.0,1363206282.9,614425502.29,0.0,614505502.29,1977711785.19,837993133.02,1256831271.15,1256831271.15,3234543056.34,0
002714,2013-12-31,B,77517388.51,675779965.29,1161764913.97,0.0,630059182.02,101482531.2,1391757057.45,2553521971.42,898000000.0,1148848442.31,255100000.0,0.0,255180000.0,1404028442.31,730655390.98,0.0,1149493529.11,2553521971.42,0
002714,2014-01-01,A,187835839.49,1021416110.17,1240166188.88,0.0,1296407250.94,199998586.24,1994376867.46,3234543056.34,898000000.0,1363206282.9,614425502.29,0.0,614505502.29,1977711785.19,837993133.02,1256831271.15,1256831271.15,3234543056.34,0
002714,2014-01-01,B,77517388.51,675779965.29,1161764913.97,0.0,630059182.02,101482531.2,1391757057.45,2553521971.42,898000000.0,1148848442.31,255100000.0,0.0,255180000.0,1404028442.31,730655390.98,0.0,1149493529.11,2553521971.42,0
002714,2014-03-31,A,530890314.11,1008009259.06,1585436907.02,0.0,1324380831.46,198070727.12,2105989794.3,3691426701.32,645000000.0,1149622326.52,672792000.0,0.0,672872199.99,1822494526.51,782272873.54,1868932174.81,1868932174.81,3691426701.32,0
002714,2014-03-31,B,74661885.51,626275951.68,1116618427.79,0.0,614516436.77,102771654.12,2067956977.68,3184575405.47,645000000.0,1214088655.39,175200000.0,0.0,175280199.99,1389368855.38,708547248.82,0.0,1795206550.09,3184575405.47,0
002714,2014-06-30,A,555126961.5,1068061764.6,1644329144.36,0.0,1323042585.8,180573400.38,2151127692.66,3795456837.02,745000000.0,1324830847.74,626348000.0,0.0,626432020.0,1951262867.74,757534668.01,1844193969.28,1844193969.28,3795456837.02,0
002714,2014-06-30,B,115554094.04,617224297.42,1080918237.61,0.0,606712123.66,87250541.92,2106450515.11,3187368752.72,745000000.0,1343652746.0,57200000.0,0.0,57284020.0,1400936766.0,699772685.45,0.0,1786431986.72,3187368752.72,0
002714,2014-09-30,A,303174157.91,1141725385.51,1575087218.89,0.0,1370255617.74,190970671.7,2319525697.04,3894612915.93,828000000.0,1424441765.03,599348000.0,0.0,599447333.37,2023889098.4,784064516.26,1870723817.53,1870723817.53,3894612915.93,0
002714,2014-09-30,B,83138628.48,669732333.0,1133451031.27,0.0,596409958.18,92055913.42,2157708376.44,3291159407.71,828000000.0,1457528811.76,57200000.0,0.0,57299333.37,1514828145.13,689671961.31,0.0,1776331262.58,3291159407.71,0
002714,2014-12-31,A,337545968.83,1035377266.11,1510642914.47,0.0,1489584505.69,232843094.54,2608658308.63,4119301223.1,911290000.0,1649816720.55,520218000.0,0.0,521262013.44,2171078733.99,855038557.31,1948222489.11,1948222489.11,4119301223.1,0
002714,2014-12-31,B,49746941.74,561038470.17,1123079318.13,0.0,627443616.73,120067403.24,2261176968.51,3384256286.64,911290000.0,1556029275.62,2200000.0,0.0,2294013.44,1558323289.06,732749065.78,0.0,1825932997.58,3384256286.64,0
002714,2015-01-01,A,337545968.83,1035377266.11,1510642914.47,0.0,1489584505.69,232843094.54,2608658308.63,4119301223.1,911290000.0,1649816720.55,520218000.0,0.0,521262013.44,2171078733.99,855038557.31,1948222489.11,1948222489.11,4119301223.1,0
002714,2015-01-01,B,49746941.74,561038470.17,1123079318.13,0.0,627443616.73,120067403.24,2261176968.51,3384256286.64,911290000.0,1556029275.62,2200000.0,0.0,2294013.44,1558323289.06,732749065.78,0.0,1825932997.58,3384256286.64,0
002714,2015-03-31,A,424296004.43,905153110.91,1382201660.28,0.0,1614125866.6,266250333.4,2949491970.58,4331693630.86,1090000000.0,1742845711.95,653218000.0,0.0,660820279.9,2403665991.85,834843707.21,1928027639.01,1928027639.01,4331693630.86,0
002714,2015-03-31,B,73041556.02,489309247.74,1155415784.13,0.0,646135866.81,121018281.92,2292727567.3,3448143351.43,977500000.0,1585541211.01,42200000.0,0.0,48864779.88,1634405990.89,720553428.74,0.0,1813737360.54,3448143351.43,0
002714,2015-06-30,A,542823217.1,1241109645.68,1830683103.95,0.0,2077824393.68,330462233.64,3334353735.42,5165036839.37,1815000000.0,2527944240.28,646458000.0,0.0,656799629.25,3184743869.53,887109038.04,1980292969.84,1980292969.84,5165036839.37,0
002714,2015-06-30,B,326535797.93,579298599.39,1758152301.25,0.0,693076813.82,118511188.53,2292698543.64,4050850844.89,1597500000.0,2163388591.15,42200000.0,0.0,51133295.87,2214521887.02,743145026.07,0.0,1836328957.87,4050850844.89,0
002714,2015-09-30,A,582659217.48,1166525314.76,1796478166.51,0.0,2402608961.36,373125586.1,3824386296.84,5620864463.35,1803000000.0,2664348225.64,605958000.0,0.0,744058683.46,3408406909.1,1119273622.45,2212457554.25,2212457554.25,5620864463.35,0
002714,2015-09-30,B,362259816.71,481146235.5,1845530776.59,0.0,692235839.59,121281883.35,2295075003.27,4140605779.86,1596000000.0,2076500693.18,42200000.0,0.0,116798459.69,2193299152.87,854122695.19,0.0,1947306626.99,4140605779.86,0
002714,2015-12-31,A,836286896.34,1156000823.98,2513780633.12,0.0,2976295118.51,417447227.79,4553752587.64,7067533220.76,1773000000.0,2888414925.63,546838000.0,0.0,657112540.06,3545527465.69,1404928803.77,3522005755.07,3522005755.07,7067533220.76,0
002714,2015-12-31,B,779119240.26,420961153.83,2673424032.4,0.0,703561281.26,121446499.67,2810636604.73,5484060637.13,1611000000.0,2266213553.58,42200000.0,0.0,101995710.33,2368209263.91,998774421.92,0.0,3115851373.22,5484060637.13,0
002714,2016-01-01,A,836286896.34,1156000823.98,2513780633.12,,2976295118.51,417447227.79,4553752587.64,7067533220.76,1773000000.0,2888414925.63,546838000.0,,657112540.06,3545527465.69,1404928803.77,3522005755.07,3522005755.07,7067533220.76,0
002714,2016-01-01,B,779119240.26,420961153.83,2673424032.4,,703561281.26,121446499.67,2810636604.73,5484060637.13,1611000000.0,2266213553.58,42200000.0,,101995710.33,2368209263.91,998774421.92,,3115851373.22,5484060637.13,0
002714,2016-03-31,A,829653461.23,1391033228.26,2688207077.85,0.0,3262441891.47,581044608.4,5316907171.29,8005114249.14,2351000000.0,3541390981.91,471159836.18,0.0,573760298.29,4115151280.2,1772886017.64,3889962968.94,3889962968.94,8005114249.14,0
002714,2016-03-31,B,619554287.0,473383869.21,3219784700.63,0.0,707439528.47,139354538.57,2890986192.88,6110770893.51,1991000000.0,2803043759.87,7021836.18,0.0,63144175.47,2866187935.34,1127506006.87,0.0,3244582958.17,6110770893.51,0
002714,2016-06-30,A,764294936.47,1547337364.32,2576624359.89,0.0,3956298299.85,757117092.55,6696372890.99,9272997250.88,2488000000.0,4020684476.34,563159836.18,0.0,657878123.58,4678562599.92,2477357699.66,4594434650.96,4594434650.96,9272997250.88,0
002714,2016-06-30,B,515436302.69,424518046.24,3172017243.63,0.0,698660793.86,122056612.11,2946572859.44,6118590103.07,1566000000.0,2443581835.16,99021836.18,0.0,151408068.02,2594989903.18,1406523248.59,0.0,3523600199.89,6118590103.07,0
002714,2016-09-30,A,1084230743.59,1876657844.87,3127753945.42,0.0,4893956411.09,873211510.52,7797718024.78,10925471970.2,2568000000.0,4219314134.42,518159836.18,996095499.65,1604675540.88,5823989675.3,2984405343.6,5101482294.9,5101482294.9,10925471970.2,0
002714,2016-09-30,B,932392795.3,449194357.42,5532583820.58,0.0,685069709.65,120037098.47,3071012701.56,8603596522.14,1666000000.0,2619602250.68,99021836.18,996095499.65,1143703568.63,3763305819.31,2723213751.53,0.0,4840290702.83,8603596522.14,0
002714,2016-12-31,A,983907156.15,2618047837.56,3718171347.43,,6499990714.75,983227429.48,9213151790.2,12931323137.63,2500000000.0,5193950658.89,995347024.91,992321042.54,2075924218.93,7269874877.82,3342633655.69,5661448259.81,5661448259.81,12931323137.63,0
002714,2016-12-31,B,762450622.73,506100502.54,5385528077.54,,682026004.86,116426469.0,4268359667.73,9653887745.27,1786000000.0,3036863613.73,626031024.91,992321042.54,1666252437.63,4703116051.36,2631957089.79,,4950771693.91,9653887745.27,0
002714,2017-01-01,A,983907156.15,2618047837.56,3718171347.43,,6499990714.75,983227429.48,9213151790.2,12931323137.63,2500000000.0,5193950658.89,995347024.91,992321042.54,2075924218.93,7269874877.82,3342633655.69,5661448259.81,5661448259.81,12931323137.63,0
002714,2017-01-01,B,762450622.73,506100502.54,5385528077.54,,682026004.86,116426469.0,4268359667.73,9653887745.27,1786000000.0,3036863613.73,626031024.91,992321042.54,1666252437.63,4703116051.36,2631957089.79,,4950771693.91,9653887745.27,0
002714,2017-03-31,A,797904447.65,3033461648.74,3960133799.47,,7116794373.88,1330771483.71,10716281298.23,14676415097.7,3376500000.0,6137298274.5,1124204140.73,993017553.17,2197632191.97,8334930466.47,4022670027.11,6341484631.23,6341484631.23,14676415097.7,0
002714,2017-03-31,B,730428950.74,515294230.32,6193845736.43,,681542828.22,167043426.4,4764632835.69,10958478572.12,2598000000.0,4165935491.26,705888140.73,993017553.17,1742843161.13,5908778652.39,2730885315.61,,5049699919.73,10958478572.12,0
002714,2017-06-30,A,1458566064.81,3275525795.26,5576804185.57,,8234405707.96,1355453869.1,11808403328.47,17385207514.04,2326500000.0,5567086630.65,1242084151.28,1390681838.1,2706571414.12,8273658044.77,3742403676.0,9111549469.27,9111549469.27,17385207514.04,0
002714,2017-06-30,B,884709378.54,456627109.42,6498162049.79,,672347464.71,144874214.62,6791437060.16,13289599109.95,1972000000.0,3933002877.29,587268151.28,1390681838.1,2019200755.96,5952203633.25,1968249683.43,,7337395476.7,13289599109.95,0
002714,2017-09-30,A,1323278697.54,3399279828.45,5534891679.69,,9080876976.85,1254714254.24,13448110046.5,18983001726.19,2954560000.0,6506150526.77,1293422354.35,1391639515.8,2753358140.36,9259508667.13,4354347265.79,9723493059.06,9723493059.06,18983001726.19,0
002714,2017-09-30,B,865631754.28,390447890.8,6909094311.38,,660046868.26,120479653.47,7136349673.78,14045443985.16,2141500000.0,4409977231.01,571606354.35,1391639515.8,2000397518.58,6410374749.59,2265923442.3,,7635069235.57,14045443985.16,0
002714,2017-12-31,A,4197056743.2,4189892626.34,8742153745.5,,10596958535.19,1401874901.68,15302481162.06,24044634907.56,3560332594.93,8323014239.48,1534298545.23,1392616204.72,2985011163.92,11308025403.4,4868950505.24,12736609504.16,12736609504.16,24044634907.56,0
002714,2017-12-31,B,3515617928.76,449112502.9,11289332429.0,,649773027.03,113259382.91,7399854079.94,18689186508.94,2678272594.93,6377788092.46,841382545.23,1392616204.72,2263852185.69,8641640278.15,2179887231.87,,10047546230.79,18689186508.94,0
002714,2018-01-01,A,4197056743.2,4189892626.34,8742153745.5,,10596958535.19,1401874901.68,15302481162.06,24044634907.56,3560332594.93,8323014239.48,1534298545.23,1392616204.72,2985011163.92,11308025403.4,4868950505.24,12736609504.16,12736609504.16,24044634907.56,1
002714,2018-01-01,B,3515617928.76,449112502.9,11289332429.0,,649773027.03,113259382.91,7399854079.94,18689186508.94,2678272594.93,6377788092.46,841382545.23,1392616204.72,2263852185.69,8641640278.15,2179887231.87,,10047546230.79,18689186508.94,0
002714,2018-03-31,A,2673833753.08,5017704874.35,9695766481.97,,11344590930.67,1633768021.59,16892563562.36,26588330044.33,4528882945.2,10474666047.84,1737550597.4,1394392893.64,3241016994.59,13715683042.43,5004988002.98,12872647001.9,12872647001.9,26588330044.33,0
002714,2018-03-31,B,2136655356.13,429948856.71,11257330496.04,,637776622.08,115833462.47,10422119367.42,21679449863.46,3635382945.2,8280058573.01,1020634597.4,1394392893.64,2440818674.3,10720877247.31,3090913617.23,,10958572616.15,21679449863.46,0
002714,2018-06-30,A,1095431807.82,5032000370.3,8013311393.57,,12279774298.83,1501938798.52,17598527820.52,25611839214.09,4451895376.94,10717668710.55,1546356561.74,1394579894.38,3035556512.27,13753225222.82,3990954992.35,11858613991.27,11858613991.27,25611839214.09,0
002714,2018-06-30,B,707192006.15,402149520.2,10441437689.8,,612716467.03,107173731.51,10417456803.4,20858894493.2,3653445376.94,8438212217.15,989856561.74,1394579894.38,2407319603.55,10845531820.7,2145703673.58,,10013362672.5,20858894493.2,0
002714,2018-09-30,A,1540692894.78,6058554048.38,9110726837.02,,12681602099.2,1423618394.83,18530336037.4,27641062874.42,4791331622.87,11321195579.94,1552795730.47,2386856507.31,4032406793.31,15353602373.25,4419801502.25,12287460501.17,12287460501.17,27641062874.42,0
002714,2018-09-30,B,911169228.69,563903163.09,10611073673.48,,592076449.41,106326271.62,10459953561.78,21071027235.26,4012881622.87,7789807304.6,968795730.47,2386856507.31,3377893826.81,11167701131.41,2035667104.93,,9903326103.85,21071027235.26,0
002714,2018-12-31,A,2778297994.55,5812728203.17,9780698178.5,,13544605357.9,1461220203.09,20061164720.4,29841862898.9,4714920476.49,13587655461.01,1069491442.98,1390389288.93,2546572248.77,16134227709.78,4342960666.84,12289265019.8,13707635189.12,29841862898.9,0
002714,2018-12-31,B,2428069126.66,436738352.83,8990234891.86,,575033269.56,106116943.31,14443519224.3,23433754116.16,3887970476.49,11608698676.67,547141443.0,1390389288.93,1960106090.97,13568804767.64,1918644995.56,,9864949348.52,23433754116.16,0
002714,2019-01-01,A,2778297994.55,5812728203.17,9780698178.5,,13544605357.9,1461220203.09,20061164720.4,29841862898.9,4714920476.49,13587655461.01,1069491442.98,1390389288.93,2546572248.77,16134227709.78,4342960666.84,12289265019.8,13707635189.12,29841862898.9,1
002714,2019-01-01,B,2428069126.66,436738352.83,8990234891.86,,575033269.56,106116943.31,14443519224.3,23433754116.16,3887970476.49,11608698676.67,547141443.0,1390389288.93,1960106090.97,13568804767.64,1918644995.56,,9864949348.52,23433754116.16,0
002714,2019-03-31,A,2461174009.81,6502315235.89,9948210397.62,,13941681281.18,1339948359.07,21154377360.06,31102587757.68,4680258801.67,14592952057.16,1090727155.27,2170943188.0,3358842220.19,17951794277.35,3802023139.86,11748327492.82,13150793480.33,31102587757.68,1
002714,2019-03-31,B,1415231783.07,774155352.37,10655514596.38,,562666771.05,113045973.42,14553789112.94,25209303709.32,3868308801.67,12539936517.44,565268821.96,2170943188.0,2755397643.15,15295334160.59,1967665195.77,,9913969548.73,25209303709.32,0
002714,2019-06-30,A,2091775655.5,5849103952.99,8823805016.27,,14580332511.4,1768019762.75,22472110529.89,31295915546.16,4789877007.73,15110316993.83,852036248.65,1787258616.86,2731785469.42,17842102463.25,4082997084.11,12029301437.07,13453813082.91,31295915546.16,0
002714,2019-06-30,B,1061883267.6,689530970.85,10469990567.02,,554726568.98,116978808.37,15247380480.88,25717371047.9,3947877007.73,13238009695.77,643036248.65,1787258616.86,2448316987.84,15686326683.61,2084740011.33,,10031044364.29,25717371047.9,0
002714,2019-09-30,A,3878732676.83,6258896985.7,12026180255.46,,15593130536.68,2836938138.34,25207247423.99,37233427679.45,4233273392.42,14270957244.57,1054355131.55,1788552537.91,2927234104.38,17198191348.95,5625611624.26,18549347934.11,20035236330.5,37233427679.45,0
002714,2019-09-30,B,1711458627.7,776987489.03,9652726797.52,,557146964.29,136397611.49,19889090510.45,29541817307.97,3356273392.42,11943764465.78,820405131.55,1788552537.91,2626678028.05,14570442493.83,2047638504.29,,14971374814.14,29541817307.97,0
002714,2019-12-31,A,10933206261.29,7166176167.84,19592345697.37,,18864249817.52,3835013636.91,33294240422.82,52886586120.19,4256083392.42,18169133854.58,1116726519.07,1789874034.68,3005882448.91,21175016303.49,10113806709.8,23107735222.7,31711569816.7,52886586120.19,0
002714,2019-12-31,B,6723955729.97,607223468.77,15927434114.59,,579627288.85,121301253.23,21340383968.56,37267818083.15,2885083392.42,19302265691.64,880276519.07,1789874034.68,2687569815.0,21989835506.64,2284054063.61,,15277982576.51,37267818083.15,0
002714,2020-01-01,A,10933206261.29,7166176167.84,19592345697.37,,18864249817.52,3835013636.91,33294240422.82,52886586120.19,4256083392.42,18169133854.58,1116726519.07,1789874034.68,3005882448.91,21175016303.49,10113806709.8,23107735222.7,31711569816.7,52886586120.19,1
002714,2020-01-01,B,6723955729.97,607223468.77,15927434114.59,,579627288.85,121301253.23,21340383968.56,37267818083.15,2885083392.42,19302265691.64,880276519.07,1789874034.68,2687569815.0,21989835506.64,2284054063.61,,15277982576.51,37267818083.15,1
002714,2020-03-31,A,20410228147.65,9543184618.65,31122745130.99,,22298244626.26,4799422097.0,39850496092.5,70973241223.49,10464659000.0,25267098597.24,2879845805.75,1791150717.41,4789193029.52,30056291626.76,14245198444.05,27549605597.88,40916949596.73,70973241223.49,0
002714,2020-03-31,B,5769908293.76,1393575831.72,19557066350.43,,569823274.19,152249681.36,27935488536.91,47492554887.34,5550059000.0,28741989123.59,1167204139.12,1791150717.41,2978588562.85,31720577686.44,2467570047.07,,15771977200.9,47492554887.34,0
002714,2020-06-30,A,23784058775.05,11326730798.3,36735894884.52,,30580742557.8,5359141981.01,51221713146.98,87957608031.5,13418358988.8,31811133261.8,5235630111.29,2589149325.04,8097140507.37,39908273769.17,19685304971.8,33321506796.33,48049334262.33,87957608031.5,0
002714,2020-06-30,B,6840167139.46,1462079999.02,20376453106.28,,621871120.77,136540346.56,32317502143.53,52693955249.81,6930059000.0,33986739139.57,1103842850.33,2589149325.04,3712843523.82,37699582663.39,1358425499.39,,14994372586.42,52693955249.81,0
002714,2020-09-30,A,22496461869.59,14037844959.06,39195823063.25,,40460702911.1,6086609311.68,64603470971.99,103799294035.24,15250358988.8,34313521925.39,8328675539.36,1592089240.29,10673830733.25,44987352658.64,29889202845.88,43833583905.0,58811941376.6,103799294035.24,0
002714,2020-09-30,B,8914521965.66,1196737629.87,25081299908.3,,704046851.49,196628912.11,35145262475.91,60226562384.21,7333059000.0,42128945935.91,1020040870.75,1592089240.29,2631599726.62,44760545662.53,1521745715.06,,15466016721.68,60226562384.21,0
002714,2020-12-31,A,14593569721.56,21179222490.74,38946495646.18,,58530493076.94,7442385758.25,83680761322.89,122627256969.07,16532509137.47,43543419373.24,10337886259.64,1593067297.4,12978597432.05,56522016805.29,35424684822.99,50406879150.81,66105240163.78,122627256969.07,0
002714,2020-12-31,B,7889371147.27,698451056.21,29408066048.04,,862641536.63,232580273.63,34961001061.08,64369067109.12,7975786348.67,38318711785.75,1714453641.64,1593067297.4,3326557036.57,41645268822.32,7741563233.98,,22723798286.8,64369067109.12,0
002714,2021-01-01,A,14593569721.56,21179222490.74,38946495646.18,,58530493076.94,7442385758.25,83680761322.89,122627256969.07,16532509137.47,43543419373.24,10337886259.64,1593067297.4,12978597432.05,56522016805.29,35424684822.99,50406879150.81,66105240163.78,122627256969.07,1
002714,2021-01-01,B,7889371147.27,698451056.21,29408066048.04,,862641536.63,232580273.63,34961001061.08,64369067109.12,7975786348.67,38318711785.75,1714453641.64,1593067297.4,3326557036.57,41645268822.32,7741563233.98,,22723798286.8,64369067109.12,1
002714,2021-03-31,A,8823895280.98,27441189392.0,39609963008.22,,70202714404.27,8069241752.63,104108762932.52,143718725940.74,15812428839.26,47088904711.56,14769039450.66,796231202.03,21994796875.6,69083701587.16,42387768526.09,58556128679.32,74635024353.58,143718725940.74,0
002714,2021-03-31,B,2356123272.91,868797839.25,34636047968.16,,853592270.61,129023845.11,29900604989.21,64536652957.37,7445130000.0,38168098295.58,1364642694.74,796231202.03,2254087973.24,40422186268.82,7946106535.32,,24114466688.55,64536652957.37,0
002714,2021-06-30,A,6035724094.7,29517923056.51,38234013765.04,,83117501859.45,7759018667.82,116137679878.95,154371693643.99,17544761873.96,59320153826.28,14511475909.75,796667320.2,22637879880.05,81958033706.33,39458283817.14,55836603835.17,72413659937.66,154371693643.99,0
002714,2021-06-30,B,1395982184.48,1409063732.59,31109370904.82,,983177543.99,99141025.03,35127156654.52,66236527559.34,7734071100.0,45144363951.32,1202395136.17,796667320.2,2076153865.27,47220517816.59,2637689724.72,,19016009742.75,66236527559.34,0
002714,2021-09-30,A,9949744561.49,33677496440.9,46668484282.12,,89064992239.72,7363597402.25,122536778816.74,169205263098.86,18793201480.68,65756449694.36,14508857936.91,9346234908.62,31993589211.57,97750038905.93,38637013652.4,56199238999.37,71455224192.93,169205263098.86,0
002714,2021-12-31,A,12197631807.23,34475732608.85,48752653289.76,,99550929343.39,7351015960.7,128513105897.82,177265759187.58,22291617876.55,78231569842.51,13923309531.58,8625761497.53,30430072313.72,108661642156.23,36351668929.8,54351768519.36,68604117031.35,177265759187.58,0
002714,2021-12-31,B,1640266602.86,544088854.72,44780988836.93,,1037674896.06,101176850.6,43636253153.7,88417241990.63,9288602382.09,55858987390.41,892571853.69,8625761497.53,9598234246.73,65457221637.14,4957766072.34,,22960020353.49,88417241990.63,0
002714,2022-01-01,A,12197631807.23,34475732608.85,48752653289.76,,99550929343.39,7351015960.7,128513105897.82,177265759187.58,22291617876.55,78231569842.51,13923309531.58,8625761497.53,30430072313.72,108661642156.23,36351668929.8,54351768519.36,68604117031.35,177265759187.58,0
002714,2022-01-01,B,1640266602.86,544088854.72,44780988836.93,,1037674896.06,101176850.6,43636253153.7,88417241990.63,9288602382.09,55858987390.41,892571853.69,8625761497.53,9598234246.73,65457221637.14,4957766072.34,,22960020353.49,88417241990.63,0
002714,2022-03-31,A,16115760501.79,35794763448.82,54372420746.58,,100938195398.31,7079164473.7,129661134517.09,184033555263.67,31974107239.57,90880019354.42,12317084594.74,8699209506.34,29079278763.22,119959298117.64,31171438552.55,50500802682.53,64074257146.03,184033555263.67,0
002714,2022-06-30,A,13571766245.94,35273380477.1,53075765904.47,,103993932302.86,6433624032.63,128578563763.65,181654329668.12,29232809316.49,92545948828.34,11711426679.95,8773908853.59,28221537910.71,120767486739.05,28348833115.33,47993469472.22,60886842929.07,181654329668.12,0
002714,2022-06-30,B,5278498226.81,1373693185.14,57254952725.63,,1059281198.62,101506724.56,50115530392.04,107370483117.67,13734787905.44,74791858651.49,1038611991.74,8773908853.59,9877512030.13,84669370681.62,3053870834.59,,22701112436.05,107370483117.67,0
002714,2022-09-30,A,15106328390.15,37483299663.57,56584471253.56,,103820467996.6,6910105948.69,128422581142.02,185007052395.58,29747763840.85,86274495577.3,11031365244.05,8846761073.47,27440978861.93,113715474439.23,36544727988.93,56488182102.42,71291577956.35,185007052395.58,0
002714,2022-12-31,A,20793548584.65,38251719104.6,62578347772.27,,106358717863.88,7334832511.9,130369264026.73,192947611799.0,29165439679.99,78167176415.42,10646385315.97,8921277714.77,26710058515.5,104877234930.92,47787878960.0,71783350329.31,88070376868.08,192947611799.0,0
002714,2022-12-31,B,5052211309.66,630049106.69,69998589092.8,,1046759560.82,117555327.59,63250993954.73,133249583047.53,13037653129.0,92232683436.27,1400681556.27,8921277714.77,10389826142.97,102622509579.24,6557842076.38,,30627073468.29,133249583047.53,0
002714,2023-01-01,A,20793548584.65,38251719104.6,62578347772.27,,106358717863.88,7334832511.9,130369264026.73,192947611799.0,29165439679.99,78167176415.42,10646385315.97,8921277714.77,26710058515.5,104877234930.92,47787878960.0,71783350329.31,88070376868.08,192947611799.0,0
002714,2023-01-01,B,5052211309.66,630049106.69,69998589092.8,,1046759560.82,117555327.59,63250993954.73,133249583047.53,13037653129.0,92232683436.27,1400681556.27,8921277714.77,10389826142.97,102622509579.24,6557842076.38,,30627073468.29,133249583047.53,0
002714,2023-03-31,A,23209733828.29,41857754383.26,67925079819.36,,107478005647.4,7393865786.51,130164563931.19,198089643750.55,40664243443.15,85532975636.68,9791742984.87,8994096725.4,26126869104.78,111659844741.46,46589824785.61,70306770559.19,86429799009.09,198089643750.55,0
002714,2023-06-30,A,17553101194.43,42193904658.25,61758137676.97,,109192452853.76,7706988601.31,130162521385.68,191920659062.65,45333671710.62,86950715410.31,12143703467.66,9067939114.79,28313960906.39,115264676316.7,41005166382.25,64163551445.08,76655982745.95,191920659062.65,0
002714,2023-06-30,B,4590470222.77,1303895413.13,73336040478.98,,1026623199.68,118285142.94,70035321232.48,143371361711.46,24567126020.43,103843402827.93,3762310769.7,9067939114.79,12897232249.75,116740635077.68,3232849203.9,,26630726633.78,143371361711.46,0
002714,2023-09-30,A,15762872524.96,40578345828.84,59331462312.98,,110338472281.68,7811920647.31,130215669484.67,189547131797.65,45333940020.9,84497975858.35,11998183323.73,9139132554.12,28568018926.22,113065994784.57,41942496669.61,65219859961.67,76481137013.08,189547131797.65,0
002714,2023-12-31,A,19429106263.01,41930812919.17,63582798966.22,,112150493445.44,9315122160.11,131821754936.02,195404553902.24,46929024084.71,94659039714.16,9863454832.92,9206800808.08,26708858609.85,121367898324.01,39279516665.2,62828051373.1,74036655578.23,195404553902.24,0
002714,2023-12-31,B,8417334728.97,697436781.34,54444672927.4,,1054037797.03,161749021.72,75193986585.53,129638659512.93,24170927337.14,88823385720.56,2823009673.21,9206800808.08,12285609453.53,101108995174.09,4733045665.56,,28529664338.84,129638659512.93,0
002714,2024-01-01,A,19429106263.01,41930812919.17,63582798966.22,,112150493445.44,9315122160.11,131821754936.02,195404553902.24,46929024084.71,94659039714.16,9863454832.92,9206800808.08,26708858609.85,121367898324.01,39279516665.2,62828051373.1,74036655578.23,195404553902.24,0
002714,2024-01-01,B,8417334728.97,697436781.34,54444672927.4,,1054037797.03,161749021.72,75193986585.53,129638659512.93,24170927337.14,88823385720.56,2823009673.21,9206800808.08,12285609453.53,101108995174.09,4733045665.56,,28529664338.84,129638659512.93,0
002714,2024-03-31,A,23024185009.69,39330717880.65,64971828846.44,,110785607374.68,10637247610.85,131692599766.08,196664428612.52,50800381178.22,97955691705.67,10441786092.56,9273774637.68,27102389941.03,125058081646.7,36902714132.31,61177227073.81,71606346965.82,196664428612.52,0
002714,2024-06-30,A,20360007111.79,39930301433.19,62466445319.39,,108984865887.99,10244716517.34,129131788983.73,191598234303.12,43151920022.99,91505193362.95,11123267425.63,9340668657.02,26917370051.94,118422563414.89,40110914092.08,64083192543.83,73175670888.23,191598234303.12,0
002714,2024-06-30,B,9533311516.19,699597480.85,61716807069.9,,1006929175.74,165763408.81,79728949448.64,141445756518.54,20595582901.15,96707591702.08,5333328771.3,9340668657.02,14933020927.13,111640612629.21,5231819254.02,,29805143889.33,141445756518.54,0
002714,2024-09-30,A,19325099345.77,39951890285.77,63509474550.62,,107532845270.27,10253933645.4,127761608433.24,191271082983.86,41869440334.39,84803560463.82,10623999868.76,9404926322.04,26865653930.18,111669214394.0,49762694336.42,72254744729.95,79601868589.86,191271082983.86,0
002714,2024-12-31,A,16951642855.0,41969838456.65,61318601205.85,,106751360258.78,9355138722.11,126330122625.07,187648723830.92,45257669125.09,85476512749.91,8797453756.82,9465543691.34,24635981964.86,110112494714.77,52271396781.65,72031777857.01,77536229116.15,187648723830.92,0
002714,2024-12-31,B,6241488259.54,705698433.07,54877165843.86,,970615221.92,142084269.75,84460912718.07,139338078561.93,22415698647.21,96775927269.8,5187829293.3,9465543691.34,14893731485.27,111669658755.07,3709389305.45,,27668419806.86,139338078561.93,0
002714,2025-01-01,A,16951642855.0,41969838456.65,61318601205.85,,106751360258.78,9355138722.11,126330122625.07,187648723830.92,45257669125.09,85476512749.91,8797453756.82,9465543691.34,24635981964.86,110112494714.77,52271396781.65,72031777857.01,77536229116.15,187648723830.92,0
002714,2025-01-01,B,6241488259.54,705698433.07,54877165843.86,,970615221.92,142084269.75,84460912718.07,139338078561.93,22415698647.21,96775927269.8,5187829293.3,9465543691.34,14893731485.27,111669658755.07,3709389305.45,,27668419806.86,139338078561.93,0
002714,2025-03-31,A,23566229386.7,42809476063.01,73758220592.79,,105889333073.74,7948012104.58,124412718553.71,198170939146.5,52350736364.54,92647924157.04,7784710323.29,10521459791.64,24667606813.54,117315530970.58,56762491904.14,76346263068.95,80855408175.92,198170939146.5,0
002714,2025-06-30,A,20285494710.84,39162635511.8,63855531693.5,,103870900435.51,8166961743.52,122598502936.12,186454034629.62,46408449491.58,80492742734.26,6952489490.93,11080581284.7,24027476561.47,104520219295.73,59718568965.76,78442231668.86,81933815333.89,186454034629.62,0
002714,2025-06-30,B,13008320229.55,732121882.43,75595590420.44,,1211850232.13,150391504.07,87284840699.23,162880431119.67,25351169416.57,115221952853.39,4422508150.3,11080581284.7,15733835939.69,130955788793.08,9074054551.01,,31924642326.59,162880431119.67,0
002714,2025-09-30,A,19035214044.41,36520289325.05,60554337267.44,,101353281667.56,7741801401.33,120201582365.94,180755919633.38,39760262858.02,76798982424.53,7924528346.39,11638198817.0,23517120055.62,100316102480.15,58963018682.04,76870330747.41,80439817153.23,180755919633.38,0
002714,2025-12-31,A,13862397618.88,37177438419.4,54576221945.66,,100634104612.66,6797220059.01,117164864756.42,171741086702.08,41155376669.3,69840395136.56,7733417073.16,11695079085.28,23158712634.2,92999107770.76,59428517943.23,77689245439.49,78741978931.32,171741086702.08,0
002714,2025-12-31,B,5529981077.24,755804135.42,57619318023.82,,1179636565.52,136799634.13,89912352749.18,147531670773.0,28938291207.25,101290609283.95,6384292579.73,11695079085.28,18290387873.07,119580997157.02,5418293349.52,,27950673615.98,147531670773.0,0
002714,2026-03-31,A,14269789991.28,39697692156.81,60137326253.98,,99179929630.17,7180076727.2,117059274837.01,177196601090.99,40172035605.49,65849823056.0,7772745241.5,12748703919.83,24044076735.41,89893899791.41,58213676638.88,87279527194.25,87302701299.58,177196601090.99,0
002714,2026-06-30,A,16546553782.7,38297859044.3,59793733026.74,,96767918564.63,8938566823.35,115269378915.6,175063111942.34,47252288510.69,75668801814.35,4643134785.87,11296753564.98,19179115874.25,94847917688.6,50916114549.8,80186616876.38,80215194253.74,175063111942.34,0
002714,2026-06-30,B,12848665453.18,766992450.57,70644740781.12,,1250667664.68,194386720.79,96426161514.59,167070902295.71,37167677382.45,108519616372.72,3614278101.41,11296753564.98,15101092722.16,123620709094.88,9935345608.96,,43450193200.83,167070902295.71,0
