Stkcd,Reptyp,Accper,Annodt,Annowk,Profita,Profitb
002714,4,2013-12-31,2014-04-02,3,303829476.61,275227624.34
002714,3,2014-09-30,2014-10-25,6,2699383.24,-7927521.01
002714,1,2015-03-31,2015-04-27,1,-20194850.1,-26719580.7
002714,4,2014-12-31,2015-04-27,1,80198054.82,49014353.55
002714,1,2014-03-31,2014-04-16,3,-55720259.48,-63556827.85
002714,2,2014-06-30,2014-07-31,4,-80458465.01,-89332160.24
002714,3,2015-09-30,2015-10-24,6,278997065.12,269684848.17
002714,2,2015-06-30,2015-07-28,2,46832480.71,38136292.73
002714,4,2015-12-31,2016-02-25,4,595850841.56,569746413.64
002714,1,2016-03-31,2016-04-20,3,367957213.87,364780014.06
002714,3,2016-09-30,2016-10-20,4,1761932747.31,1748996391.58
002714,2,2016-06-30,2016-07-21,4,1072428895.89,1062108175.44
002714,1,2017-03-31,2017-04-26,3,680036371.42,676081397.08
002714,4,2016-12-31,2017-04-26,3,2321898712.22,2302735192.56
002714,2,2017-06-30,2017-07-20,4,1200268269.1,1195463274.85
002714,3,2017-09-30,2017-10-18,3,1812211858.89,1814855292.07
002714,1,2018-03-31,2018-04-20,5,136037497.74,139334744.89
002714,4,2017-12-31,2018-02-10,6,2365529363.99,2370435471.13
002714,3,2018-09-30,2018-10-23,2,350190782.34,318136621.19
002714,2,2018-06-30,2018-08-15,3,-78655727.56,-101903669.67
002714,1,2019-03-31,2019-04-13,6,-540937526.98,-559749705.57
002714,4,2018-12-31,2019-03-27,3,520208830.16,461507304.69
002714,4,2019-12-31,2020-02-27,4,6114363662.85,5937528173.28
002714,3,2019-09-30,2019-10-12,6,1386912668.52,1349454330.02
002714,2,2019-06-30,2019-08-27,2,-155701871.63,-202095040.26
002714,2,2020-06-30,2020-07-18,6,10784032839.1,10810787377.73
002714,1,2020-03-31,2020-04-27,1,4131391734.25,4188743361.16
002714,3,2020-09-30,2020-10-20,2,20987828337.83,20963231223.84
002714,2,2021-06-30,2021-08-27,5,9525980558.07,9435619188.25
002714,4,2020-12-31,2021-04-30,5,27451421940.73,27326977374.14
002714,1,2021-03-31,2021-04-30,5,6963072000.64,6952812743.7
002714,3,2021-09-30,2021-10-19,2,8704266223.85,8650197693.95
002714,1,2022-03-31,2022-04-30,6,-5180230377.25,-5240714569.53
002714,4,2021-12-31,2022-04-30,6,6903777691.92,6785021475.69
002714,2,2022-06-30,2022-08-31,3,-6683595896.21,-6870597916.81
002714,3,2022-09-30,2022-10-25,2,1512298977.39,1299927442.5
002714,4,2022-12-31,2023-04-28,5,13266156512.39,13029323049.56
002714,1,2023-03-31,2023-04-28,5,-1198054174.39,-1252147469.2
002714,2,2023-06-30,2023-08-18,5,-2779217657.24,-2786143275.0
002714,3,2023-09-30,2023-10-28,6,-1842329322.27,-1715583218.44
002714,1,2024-03-31,2024-04-27,6,-2378911751.33,-2386836453.46
002714,4,2023-12-31,2024-04-27,6,-4263280820.31,-4026262919.48
002714,2,2024-06-30,2024-08-03,6,829288208.44,878524246.17
002714,3,2024-09-30,2024-10-30,3,10481068452.78,11220611180.39
002714,4,2024-12-31,2025-03-20,4,17881260485.27,18746855671.39
002714,1,2025-03-31,2025-04-25,5,4491095122.49,4509172708.2
002714,2,2025-06-30,2025-08-21,4,10530051098.42,10676851630.8
002714,3,2025-09-30,2025-10-31,5,14778904957.09,15473377552.36
002714,4,2025-12-31,2026-03-28,6,15486891254.04,15988392483.9
002714,1,2026-03-31,2026-04-22,3,-1214841304.35,-1141499294.73
002714,2,2026-06-30,2026-08-21,5,-6077653278.94,-5895303071.49
