报告期,ROE_TTM,ROA_TTM,毛利率_TTM,销售净利率_TTM,营收单季同比,归母净利单季同比,归母净利TTM同比,总资产同比,资产负债率,流动比率,有息负债率,总资产周转率_TTM,存货周转率_TTM,固定资产周转率_TTM,生物资产占总资产,存货占总资产,净现比_TTM,经营现金流营收比_TTM,自由现金流_TTM,销售收现比_TTM,公告日,公告日来源,披露时滞天数,总市值_公告日,PE_TTM,PB,分位_ROE_TTM,分位_毛利率_TTM,分位_销售净利率_TTM,盈利能力,分位_营收单季同比,分位_归母净利TTM同比,成长能力,分位_资产负债率,分位_有息负债率,分位_流动比率,偿债能力,分位_总资产周转率_TTM,分位_存货周转率_TTM,运营效率,分位_净现比_TTM,分位_经营现金流营收比_TTM,分位_销售收现比_TTM,现金流质量,分位_PE_TTM,分位_PB,估值水平,基本面择时得分,基本面得分_剔除估值
2013-12-31,,,,,,,,,0.6114346758542923,0.9097421310601268,0.46758552164748823,,,,0.06183209892599342,0.31578374205529,,,,,2014-04-02,CSMAR公告日,92,7463280000.0,,5.938171790690012,,,,,,,,,,,,,,,,,,,,,,,
2014-03-31,,,,,,,,,0.49371006767066583,1.3790936992492535,0.3569871777567131,,,,0.05365695790442563,0.27306766207752425,,,,,2014-04-16,CSMAR公告日,16,8833000000.0,,4.726228227569566,,,,,,,,,,,,,,,,,,,,,,,
2014-06-30,,,,,,,,,0.5141048763110246,1.2411615770911624,0.36131302736055165,,,,0.04757619652494245,0.281405324961774,,,,,2014-07-31,CSMAR公告日,31,12160500000.0,,6.5939376240058065,,,,,,,,,,,,,,,,,,,,,,,
2014-09-30,,,0.13805742003168076,0.08091813910909636,,,,,0.5196637360600733,1.1057575378357622,0.36649290463803685,,,,0.04903457052660594,0.293155034956116,0.816739522968607,0.06608904233547075,-850125787.8499999,1.0003653849868899,2014-10-25,CSMAR公告日,25,12167760000.0,39.695316147244,6.50430591944119,,,,,,,,,,,,,,,,,,,,,,,
2014-12-31,0.05004474858699042,0.021811192016730364,0.07734680664553643,0.030788998001669444,-0.5788350195979579,-0.744927080661504,,0.27353420602202005,0.5270502486720658,0.9156428684795949,0.3475123382510764,0.708408634004514,2.336932127209291,1.8699002853409603,0.05652490117359585,0.2513477917817386,5.678248779126687,0.17482759031351353,-279419096.6499999,1.0001104825033502,2015-04-27,CSMAR公告日,117,17881380000.0,222.96525819901427,9.178304890715378,,,,,,,,,,,,,,,,,,,,,,,
2015-03-31,0.06095585409084133,0.028847495589924978,0.08725549370925212,0.043577169396579574,0.11320205086087065,0.6375671921045404,,0.1734470115067026,0.5549021229769623,0.7930717279233571,0.40243335483860326,0.6619864481649709,2.53390192986914,1.807447618004903,0.061465642792271895,0.20896055631946758,4.923842210558368,0.21456710609153082,-380325313.43999994,0.9929814584663377,2015-04-27,CSMAR公告日,27,17881380000.0,154.5181880236178,9.274441734238673,,,,,,,,,,,,,,,,,,,,,,,
2015-06-30,0.10850553490855558,0.04631195736161562,0.12325381701392558,0.07826061386009364,-0.006900325388026096,3.70946616272211,,0.36084720790167757,0.6165965449180525,0.7241785933329091,0.47656155736156064,0.5917658331227432,2.0132584761545647,1.5591653650654593,0.06398061503087125,0.2402905698987005,2.5698202383851534,0.20111570936611428,-713027222.05,0.990458662293665,2015-07-28,CSMAR公告日,28,34146200000.0,164.5687236968364,17.243004201928205,,,,,,,,,,,,,,,,,,,,,,,
2015-09-30,0.17461665512281233,0.07492965880540502,0.17195144112266622,0.12699169867070925,0.23437958187133945,1.7918541580349272,0.16300871922614824,0.4432408520906337,0.6063848241358608,0.674265529265969,0.42857429061085667,0.5900358810043039,2.014103728462507,1.4881194278113494,0.06638224218586113,0.20753485916021502,2.1405696197207846,0.27183457213125656,-787007463.6100001,0.9940442322633807,2015-10-24,CSMAR公告日,24,25085720000.0,70.3675175254908,11.338396052756726,,,,,,,,25.0,25.0,12.5,20.833333333333332,,,,,,,,,12.5,12.5,16.666666666666664,20.833333333333332
2015-12-31,0.2178522778072195,0.10652715825021229,0.2462351739664397,0.19838716704980283,0.22791074532545408,3.0885059057163256,6.4297418172716725,0.7157116797205945,0.5016640679205375,0.8702976192285505,0.3282387118019855,0.5369659733256329,2.0662008187067533,1.3450764353407891,0.05906547797522913,0.16356496501274184,1.5362973660209593,0.3047816821909721,-883647776.8100003,0.9963423753772114,2016-02-25,CSMAR公告日,56,25306107416.64,42.47054069838344,7.185140847714782,,,,,,,,77.77777777777777,88.88888888888889,44.44444444444444,70.37037037037037,,,,,,,,,44.44444444444444,44.44444444444444,57.407407407407405,70.37037037037037
2016-03-31,0.3382621155095741,0.15952309788745775,0.3358700118810086,0.288073780729253,0.824818811794503,19.220348853691167,7.503054348851752,0.8480333401489182,0.5140652777868968,0.7590822621907036,0.35254460440501373,0.5537577820641234,1.9759165827020866,1.4009040186255395,0.07258417435609021,0.17376806688417226,0.9357164778635183,0.2695553834688041,-1355949298.9,1.0003642436226836,2016-04-20,CSMAR公告日,20,27812941995.29,28.26510149409518,7.149924618143324,,,,,,,,70.0,70.0,30.0,56.666666666666664,,,,,,,,,50.0,50.0,53.33333333333333,56.666666666666664
2016-06-30,0.4932363286382669,0.22460776122352594,0.43057780561584275,0.38948514459116507,1.1959340635839166,9.510215362997833,6.814617895503405,0.7953400022624164,0.5045361789011648,0.6408422185457046,0.32903706898979695,0.5766786341987249,1.7002544451221255,1.3798370040780816,0.08164750533902619,0.1668648574411212,1.0115008885811636,0.39396456984312644,-1305856309.8000002,1.0024063762135833,2016-07-21,CSMAR公告日,21,29120630961.06,17.95965353791925,6.3382403219023455,,100.0,100.0,100.0,,,,72.72727272727273,81.81818181818181,9.090909090909092,54.545454545454554,,,,37.5,100.0,100.0,79.16666666666667,87.5,72.72727272727273,80.11363636363637,78.4564393939394,77.90404040404042
2016-09-30,0.5684450697230137,0.25126849464210954,0.45738143739054216,0.4193279487541501,0.9670011143760708,1.969892471637035,4.831167976910059,0.9437351748005836,0.5330652708812347,0.7412944013588955,0.37364567379465535,0.5992171411150726,1.7678793922328733,1.3588377418060253,0.07992437424229784,0.1717690411900481,0.8421532455155257,0.35313839297867555,-1813436580.4299998,0.9998416135502547,2016-10-20,CSMAR公告日,20,26071079617.96,12.541489623922235,5.110491051595632,100.0,100.0,100.0,100.0,87.5,,87.5,33.33333333333334,33.33333333333334,33.33333333333333,33.333333333333336,75.0,25.0,50.0,22.22222222222222,88.88888888888889,55.55555555555556,55.555555555555564,88.88888888888889,83.33333333333334,86.11111111111111,68.75,65.27777777777779
2016-12-31,0.5056700253429297,0.2322031490811631,0.45692228211030084,0.41418787556414316,0.6133564626360521,0.7672693417180594,2.8967784389479516,0.8296798520374613,0.5621911076264693,0.715865742980433,0.3470385837309206,0.5606227578846715,1.6133566124702354,1.1831443461560245,0.07603455725414669,0.20245784671032707,0.5523366711090565,0.22877115240283097,-3079419171.59,1.0013752301966035,2017-04-26,CSMAR公告日,116,32448561430.570004,13.975011597101702,5.731494829851008,88.88888888888889,90.0,90.0,89.62962962962963,66.66666666666666,,66.66666666666666,23.076923076923066,76.92307692307692,23.076923076923077,41.02564102564102,33.33333333333333,11.11111111111111,22.22222222222222,10.0,50.0,90.0,50.0,80.0,76.92307692307692,78.46153846153845,58.00094966761634,53.908831908831914
2017-03-31,0.5148788270637745,0.23225751927851962,0.4409703968609041,0.39540165269481375,1.1571874900427437,0.8481397993742232,1.676798874238381,0.8333798420524363,0.5679132411413057,0.645256857716049,0.3743231339076082,0.5873964301757356,1.683351254448746,1.2836252137103394,0.09067415134085098,0.20668955112992038,0.5688054961262166,0.22490663323019952,-3481473100.799999,1.001777469617026,2017-04-26,CSMAR公告日,26,32448561430.570004,12.319223256573308,5.116871413796402,90.0,81.81818181818183,81.81818181818183,84.54545454545455,90.0,,90.0,21.42857142857143,28.57142857142857,14.285714285714285,21.428571428571427,50.0,20.0,35.0,18.181818181818183,45.45454545454545,90.9090909090909,51.51515151515152,90.9090909090909,78.57142857142857,84.74025974025975,61.204906204906216,56.4978354978355
2017-06-30,0.3574698560775643,0.18378867647184205,0.37625398048436753,0.324371607915935,0.6491858338834622,-0.2615290139295755,0.5108342718191894,0.8748207341903569,0.4759021736202075,1.0017455368606085,0.285257796628253,0.5665991473565504,1.9534831232036165,1.2390191805315969,0.0779659298288708,0.18840878330700056,0.5622690475044088,0.18238411502036628,-3769258836.07,1.0052618709561543,2017-07-20,CSMAR公告日,20,32911946813.37,13.434883920495933,3.6121130576495504,63.63636363636363,66.66666666666666,66.66666666666666,65.65656565656565,63.63636363636363,25.0,44.31818181818181,93.33333333333333,93.33333333333333,80.0,88.88888888888887,36.36363636363637,45.45454545454545,40.90909090909091,16.666666666666664,25.0,100.0,47.22222222222222,75.0,93.33333333333333,84.16666666666666,61.86026936026934,57.39898989898988
2017-09-30,0.3200245217495558,0.1586291462333182,0.3250649415082708,0.26765283411589225,0.8111101021012559,-0.11248706076154347,0.14113584858186434,0.7374994671138677,0.4877789509103331,0.8507168189417552,0.29708799227306953,0.5926675379967493,2.267606650161875,1.2684073561962455,0.06609672549884073,0.17906966861622128,0.6366370046284217,0.17039769859184944,-4118009509.500001,1.0014014895535532,2017-10-18,CSMAR公告日,18,44716689440.200005,18.850479500971044,4.598829779441721,50.0,53.84615384615385,53.84615384615385,52.56410256410256,66.66666666666666,11.11111111111111,38.888888888888886,87.5,87.5,56.25,77.08333333333333,75.0,83.33333333333334,79.16666666666667,30.76923076923077,15.384615384615385,76.92307692307693,41.02564102564103,53.84615384615385,87.5,70.67307692307692,59.9002849002849,57.7457264957265
2017-12-31,0.2571499007490405,0.12794959152100824,0.298077876819669,0.235553812965124,0.6914987122824188,-0.011872971263653054,0.018790936719321527,0.8594102592325139,0.47029307980237134,1.0503590999558576,0.2698002015759578,0.5431862465327717,2.070815380865393,1.1747611558588726,0.0583030229849416,0.17425478250961646,0.7554909321081483,0.17795876971864996,-4489225176.14,1.0008864335863934,2018-02-10,CSMAR公告日,41,56533016701.6,23.8986746739192,4.438623692053629,46.15384615384615,50.0,50.0,48.71794871794872,61.53846153846154,10.0,35.769230769230774,94.11764705882354,94.11764705882354,82.35294117647058,90.19607843137256,15.384615384615385,76.92307692307693,46.15384615384616,35.714285714285715,28.57142857142857,64.28571428571429,42.857142857142854,50.0,88.23529411764706,69.11764705882354,55.468648998060765,52.73884938590821
2018-03-31,0.18960320716958376,0.08828507162908364,0.23611538225167722,0.16819150451031611,0.40027658403376054,-0.7999555561183633,-0.30844882517215055,0.8116365520689561,0.5158534973637763,0.9256396755454921,0.2881274011367887,0.5249080319848654,2.0550923420560134,1.1732703589433031,0.06144680838796806,0.1887183161177899,0.6742838561713957,0.11340881623648465,-5436134163.950001,0.9667518576265326,2018-04-20,CSMAR公告日,20,56764709393.0,31.16319473924338,4.409715374360964,35.714285714285715,40.0,40.0,38.57142857142858,42.857142857142854,9.090909090909092,25.974025974025974,50.0,83.33333333333334,72.22222222222221,68.51851851851852,7.142857142857142,64.28571428571429,35.714285714285715,33.33333333333333,13.333333333333334,6.666666666666667,17.777777777777775,40.0,88.88888888888889,64.44444444444444,41.83341350008016,37.31120731120731
2018-06-30,0.10363346660360451,0.05054325587525103,0.1668869633864747,0.09594990813978803,0.21858518269917027,-1.4126875461836061,-0.5564401868948087,0.47319721052546027,0.5369870202548301,0.7476729884067093,0.28864900217681105,0.5267671106220894,2.2713783968115893,1.1040865422241226,0.05864236402412401,0.19647165235723152,0.7002312351167724,0.06718712268606462,-5466458438.370001,1.0020482070107766,2018-08-15,CSMAR公告日,46,52297674287.76,48.129409130626264,4.410100061125202,20.0,31.25,31.25,27.5,26.666666666666668,8.333333333333332,17.5,31.578947368421055,78.94736842105263,36.84210526315789,49.122807017543856,13.333333333333334,86.66666666666667,50.0,37.5,12.5,87.5,45.833333333333336,25.0,84.21052631578948,54.60526315789474,40.760233918128655,37.99122807017544
2018-09-30,0.08209624221573784,0.03875716521841721,0.14399274676185198,0.07487612659953134,0.25354392787577207,-0.299205813975163,-0.6191228674447911,0.4560954728400439,0.5554635305814799,0.804749531327175,0.31587004813515895,0.5176171228208244,2.1842609889680262,1.1089460023577578,0.051503750101717906,0.2191867250512569,1.1147146725058497,0.08346551694090311,-4401700444.050001,1.0070442321597308,2018-10-23,CSMAR公告日,23,48314876923.740005,53.474746823446836,3.932047384334583,18.75,29.411764705882355,17.647058823529413,21.936274509803923,43.75,7.6923076923076925,25.721153846153847,25.0,70.0,50.0,48.333333333333336,6.25,75.0,40.625,70.58823529411765,17.647058823529413,100.0,62.74509803921569,23.529411764705884,90.0,56.76470588235294,42.68759426847662,39.87217194570136
2018-12-31,0.041573678447236466,0.0195996778776257,0.09815485647290062,0.039443739151248484,0.45799782359371455,-0.6927296782535859,-0.7800877731305984,0.24110276631887073,0.5406575241110274,0.7198223568860628,0.24042738996245672,0.4969021269122079,2.4141762835233798,1.1091375641800962,0.04896544857271165,0.19478436124657159,2.5709398155141345,0.10140747945669844,-3689639775.79,1.0042930841627566,2019-03-27,CSMAR公告日,86,116272660218.72,223.5115082205701,9.461319292194114,5.88235294117647,16.666666666666664,11.11111111111111,11.22004357298475,52.94117647058824,7.142857142857142,30.042016806722692,33.33333333333334,95.23809523809524,23.809523809523807,50.79365079365079,5.88235294117647,94.11764705882352,49.99999999999999,88.88888888888889,22.22222222222222,88.88888888888889,66.66666666666667,0.0,9.523809523809518,4.761904761904759,35.580713766988275,41.74447556800497
2019-03-31,-0.012734361476522281,-0.005713211483844973,0.046958010538199736,-0.0120461469917043,0.10618023400521226,-4.976385452295368,-1.08606289897092,0.16978342399930724,0.577180086017674,0.6817133612618794,0.25534624986240706,0.4742770852604931,2.2635932411056126,1.082068567161809,0.043081571524193625,0.20906026490623494,-8.746111538274311,0.10535694519589335,-3300022616.3899994,1.0281263174047965,2019-04-13,CSMAR公告日,13,142004450518.19998,,12.087205655867708,5.555555555555555,5.263157894736842,5.263157894736842,5.360623781676413,16.666666666666664,6.666666666666667,11.666666666666666,13.63636363636364,90.9090909090909,18.181818181818183,40.909090909090914,5.555555555555555,72.22222222222221,38.888888888888886,5.263157894736842,26.31578947368421,100.0,43.859649122807014,,4.545454545454547,4.545454545454547,24.205062319097408,28.136983873825976
2019-06-30,0.03710350427348243,0.016067206793030454,0.08356937353148583,0.030407201563449678,0.49115606517689314,2.7943540361448003,-0.5921585707063672,0.22193159517193073,0.5701096182002965,0.5839589612761286,0.2373847111864269,0.5284013643775656,2.5325731722281506,1.1195091468336018,0.05649362646516138,0.18689671961706464,6.454446504515944,0.1962616558433195,-2796207272.129999,0.9967075228366179,2019-08-27,CSMAR公告日,58,163315544267.03998,368.52277818776673,13.57647782969009,10.526315789473683,15.0,10.0,11.842105263157896,57.89473684210527,25.0,41.44736842105263,17.391304347826093,95.65217391304348,4.3478260869565215,39.130434782608695,31.57894736842105,94.73684210526315,63.1578947368421,100.0,55.00000000000001,30.0,61.666666666666664,0.0,4.347826086956516,2.173913043478258,36.56973048563437,43.4488939740656
2019-09-30,0.10097871961086191,0.0503223716685549,0.15826703511194223,0.10240385440749228,0.2466825165028661,2.5971250891367,0.7232057945493866,0.3470331386535468,0.46190190967677375,0.8427031242095464,0.190049144086337,0.49141091377585006,2.1785736640993507,1.1275096070533648,0.07619331109571126,0.16809886641606278,3.2856693707764797,0.3364652078761514,-2118924325.250001,0.9947425954345063,2019-10-12,CSMAR公告日,12,177924190750.6,114.27881079310994,9.591937753424691,35.0,42.857142857142854,47.61904761904761,41.82539682539683,40.0,64.70588235294117,52.35294117647059,95.83333333333333,95.83333333333333,58.333333333333336,83.33333333333333,10.0,60.0,35.0,85.71428571428571,90.47619047619048,23.809523809523807,66.66666666666667,25.0,16.666666666666657,20.83333333333333,50.00194522253346,55.83566760037348
2019-12-31,0.3454735497901705,0.15318691847027932,0.35953080593386366,0.31335512036585983,1.0177307784586307,26.805583318630994,10.753671426471966,0.7722280374841963,0.4003853879955057,1.0783312982435451,0.1354347949382116,0.488860428677294,1.9957216996787472,1.2478893448218165,0.07251391927992008,0.13550082721456355,1.576416227003523,0.4939780965593836,-3131704921.7299995,1.0111296695825873,2020-02-27,CSMAR公告日,58,261466546989.2,42.762675137861585,11.315109181809692,76.19047619047619,77.27272727272727,77.27272727272727,76.91197691197691,90.47619047619048,100.0,95.23809523809524,96.0,96.0,88.0,93.33333333333333,9.523809523809524,33.33333333333333,21.428571428571427,68.18181818181817,100.0,95.45454545454545,87.87878787878788,42.85714285714286,16.0,29.42857142857143,67.36988936988938,74.95815295815297
2020-03-31,0.5489699877692913,0.22411184017971603,0.5066431664557961,0.45312069566797425,1.6475240658592338,8.637465563380573,67.80751908506365,1.2819079163586622,0.42348765687781875,1.231749858861501,0.21325862060461392,0.494596345570441,1.5523216547481042,1.3931135542083224,0.06762298035518682,0.13446172746428683,1.2680441430204181,0.5745770442231121,-4855745009.220001,1.0141079969491418,2020-04-27,CSMAR公告日,27,293653828490.4,27.22371263901033,10.659093737189373,95.45454545454545,100.0,100.0,98.48484848484848,100.0,100.0,100.0,92.3076923076923,88.46153846153847,92.3076923076923,91.02564102564104,18.181818181818183,4.545454545454546,11.363636363636365,60.86956521739131,100.0,95.65217391304348,85.50724637681161,63.63636363636363,19.230769230769226,41.433566433566426,71.30248978075066,77.27627445018751
2020-06-30,0.7520967778924824,0.30597073606565856,0.5895876728572739,0.53510505259717,2.1526466348178483,16.269017061273427,37.482703776455935,1.8105139759137794,0.4537216809588292,1.154812517435015,0.24151564487204175,0.5717956400908719,1.6293508188496133,1.5098986182834446,0.06092869168396151,0.12877488430839992,1.0808139018560312,0.5783489798004241,-8065867278.029999,1.0168049729603537,2020-07-18,CSMAR公告日,18,354095370208.56,20.763066006299116,10.626631393738764,100.0,100.0,100.0,100.0,100.0,95.0,97.5,88.88888888888889,77.77777777777777,88.88888888888889,85.18518518518518,65.21739130434783,13.043478260869565,39.130434782608695,54.166666666666664,100.0,95.83333333333334,83.33333333333333,69.56521739130434,22.222222222222214,45.89371980676328,75.17377885131508,81.02979066022543
2020-09-30,0.8244331766413778,0.39655540478599866,0.6378945812222393,0.5868230811255917,2.964578618794911,5.614611254563832,15.516649753439857,1.7877985053879226,0.433407115884302,1.1422850486894318,0.24249802469662626,0.675766542831549,1.7002988736401394,1.7002440139628763,0.058638253451064784,0.13524027392993762,0.8712471831474071,0.5112679564365541,-14587514280.729996,1.0150246776008016,2020-10-20,CSMAR公告日,20,280712777610.30005,10.91618620915525,6.404057177224785,100.0,100.0,100.0,100.0,100.0,90.47619047619048,95.23809523809524,89.28571428571429,75.0,85.71428571428571,83.33333333333333,95.83333333333334,25.0,60.41666666666667,44.0,92.0,92.0,76.0,95.83333333333333,53.57142857142857,74.70238095238095,81.61507936507937,82.99761904761905
2020-12-31,0.7468289720260506,0.34612392209658915,0.6067947468047563,0.5397362060027713,1.0160725379597526,0.36724708741609136,3.4896613048257024,1.3186835446399856,0.4609253945845532,0.8944289678388216,0.2321136703048758,0.6412834978404468,1.561342502037581,1.4542865187779663,0.06069112155160721,0.1727121931470912,0.7633226948064963,0.4119928952506696,-22885036348.359993,1.0122801393398095,2021-04-30,CSMAR公告日,120,425217849893.67,15.489829663896911,8.435710701737365,92.0,96.15384615384616,96.15384615384616,94.76923076923077,76.0,63.63636363636363,69.81818181818181,82.75862068965517,86.20689655172414,58.620689655172406,75.86206896551724,88.0,8.0,48.0,34.61538461538461,84.61538461538461,84.61538461538461,67.94871794871794,76.0,37.93103448275862,56.96551724137931,68.89395279050451,71.27963990032956
2021-03-31,0.7033933909588338,0.315607791676005,0.558622630563011,0.4956058507895713,1.4971795423283458,0.685405899158593,1.8074501072999487,1.0249705869875565,0.4806868495038393,0.8411740143638556,0.2183271476041895,0.6368120779308728,1.6316194612130854,1.4780218406146037,0.056146070735119215,0.1909367705034827,0.695317571533467,0.3446034566087825,-29200814388.46,1.0124065960289337,2021-04-30,CSMAR公告日,30,425217849893.67,14.041423067736273,7.26171383737399,88.46153846153845,88.88888888888889,88.88888888888889,88.74643874643874,88.46153846153845,56.52173913043478,72.49163879598662,70.0,86.66666666666667,46.666666666666664,67.77777777777779,84.61538461538461,19.230769230769234,51.92307692307692,25.925925925925924,74.07407407407408,85.18518518518519,61.7283950617284,76.92307692307692,40.0,58.46153846153846,66.85481096109115,68.53346546100168
2021-06-30,0.58757121419856,0.24578085053188636,0.4514235952501828,0.38784978880486654,0.649773580184172,-0.6147532210084876,0.535898825368478,0.7550692555066449,0.5309136135756893,0.6445366591092955,0.21281689880059843,0.6337011328257875,2.0624922164769286,1.3506308191100058,0.05026192616448031,0.19121331352743887,0.8476561660792538,0.3287632649929815,-25159343526.120003,1.01366559046796,2021-08-27,CSMAR公告日,58,225890638851.8,8.623962544206204,4.045565513236274,85.18518518518519,75.0,67.85714285714286,76.01410934744268,55.55555555555556,45.83333333333333,50.69444444444444,38.70967741935484,90.3225806451613,9.67741935483871,46.23655913978495,81.48148148148148,59.25925925925925,70.37037037037037,46.42857142857143,67.85714285714286,85.71428571428571,66.66666666666667,96.29629629629629,90.3225806451613,93.3094384707288,67.21526473990632,61.99642999374182
2021-09-30,0.3032576585637349,0.1245973424564906,0.305177585792462,0.23173213025704587,-0.18684739388052463,-1.080530262912685,-0.4101615762819737,0.630119594468673,0.5777009362221699,0.7097172140381357,0.2520506368722838,0.5376783198699403,2.137510251248574,1.1332780837483944,0.04351872552538593,0.19903338598412015,1.021808436045209,0.2367858455993767,-25228668322.57,1.0156749583971987,2021-10-19,CSMAR公告日,19,313678519934.0,20.680473284754214,5.581543905559226,50.0,51.724137931034484,48.275862068965516,50.0,7.142857142857142,24.0,15.571428571428571,9.375,65.625,21.875,32.291666666666664,39.285714285714285,67.85714285714286,53.57142857142857,58.620689655172406,55.172413793103445,93.10344827586206,68.9655172413793,60.714285714285715,65.625,63.16964285714286,47.26161398467432,44.08000821018062
2021-12-31,0.131803490126302,0.050942053671299656,0.1674483084744249,0.09682590435892224,0.32114249260384686,-1.2785584370778171,-0.7485092864469514,0.4455657214308506,0.6129872043773883,0.6231838807262239,0.2529574189125281,0.526120091607546,2.360253280835864,0.9980916082173914,0.041468899546027185,0.19448613633481404,2.133252552313918,0.20655410760377416,-19557307542.96,1.015977509689398,2022-04-30,CSMAR公告日,120,277972341084.18,40.26380244101885,5.114320079302788,34.48275862068966,36.666666666666664,33.33333333333333,34.82758620689655,37.93103448275862,11.538461538461538,24.73474801061008,3.030303030303031,63.63636363636363,6.0606060606060606,24.24242424242424,27.586206896551722,89.65517241379311,58.62068965517241,76.66666666666667,43.333333333333336,93.33333333333333,71.1111111111111,37.93103448275862,69.69696969696969,53.814002089864154,44.55842688601309,42.70731184524287
2022-03-31,-0.09608788034912334,-0.037651289581547405,-0.0031924153868881622,-0.08011573738318019,-0.09301463236912777,-1.743957606179265,-1.1730180960370076,0.28051201441594453,0.6518338351164871,0.5982879529826549,0.287938801512198,0.4699612187486658,2.443587628130318,0.9000236220560158,0.03846670496343715,0.19450128753713333,-1.86073097630175,0.14907383423813947,-15794102163.509998,1.0230079215805905,2022-04-30,CSMAR公告日,30,277972341084.18,,5.504315304286052,3.3333333333333335,3.225806451612903,3.225806451612903,3.261648745519713,10.0,3.7037037037037033,6.851851851851851,0.0,52.94117647058824,5.88235294117647,19.607843137254903,3.3333333333333335,93.33333333333333,48.33333333333333,6.451612903225806,22.58064516129032,96.7741935483871,41.935483870967744,,64.70588235294117,64.70588235294117,30.782673881978116,23.99803218778551
2022-06-30,-0.17925054786025407,-0.06495086970948136,-0.05667313610128203,-0.13370069698295609,0.2152880919437481,-1.5865857034195265,-1.355273066553079,0.17673341128878772,0.6648203043642866,0.573507177531004,0.27369644830852297,0.48579305250563626,2.6622458623312295,0.8724165271723484,0.03541684937751907,0.19417858380553873,-0.3012507995875456,0.04027744187152767,-18215427871.98,1.034123433120469,2022-08-31,CSMAR公告日,62,311985062168.46,,6.500573215467282,3.225806451612903,3.125,3.125,3.1586021505376345,22.58064516129032,3.571428571428571,13.076036866359445,0.0,57.142857142857146,2.857142857142857,20.0,9.67741935483871,100.0,54.83870967741935,9.375,3.125,100.0,37.5,,48.57142857142858,48.57142857142858,29.524129544290833,25.714669738863286
2022-09-30,-0.005114848697791738,-0.0014166007491285997,0.06255534540828243,-0.00242682159194381,1.476010024574539,10.97414129495482,-1.019000014361403,0.09338828478099792,0.6146548089209316,0.6558655704090623,0.26823782940047325,0.5837267781987822,2.7238181706854814,1.0719481575675907,0.03735050020641856,0.20260470710826542,-51.26292305373499,0.12440596853295818,-6380060751.41,1.026283370531227,2022-10-25,CSMAR公告日,25,288514692856.65,,5.107523062674199,12.5,12.121212121212121,12.121212121212121,12.247474747474747,87.5,13.793103448275861,50.64655172413793,8.333333333333343,61.11111111111111,22.22222222222222,30.55555555555556,65.625,100.0,82.8125,3.0303030303030303,24.242424242424242,93.93939393939394,40.40404040404041,,75.0,75.0,48.61102040520144,43.333224486241726
2022-12-31,0.21034834126261073,0.08067456100671917,0.1749564640770581,0.11963353153996482,0.9485377723040549,7.5281490698530975,0.9215793300987023,0.08846520999481755,0.5435529051283315,0.800570656917386,0.2525716812784234,0.6743474005009121,2.83213716539291,1.2124367543798384,0.03801463228029451,0.19824924883987732,1.5408781583817013,0.18434069576000017,7271631855.91,1.0206401337814484,2023-04-28,CSMAR公告日,118,261838325899.96,19.737316204238557,3.6476191860474962,48.484848484848484,47.05882352941176,44.11764705882353,46.553773024361256,69.6969696969697,60.0,64.84848484848484,37.83783783783784,67.56756756756756,51.35135135135135,52.25225225225225,93.93939393939394,100.0,96.96969696969697,73.52941176470588,41.17647058823529,88.23529411764706,67.6470588235294,63.333333333333336,94.5945945945946,78.96396396396396,67.87253831371478,65.65425318366495
2023-03-31,0.28555052059092956,0.10202089932720695,0.20271872181187903,0.14908408983422727,0.3239280229875139,0.768725696128981,2.291965158869519,0.07637785656393703,0.5636834042776655,0.7941390944690925,0.3001170683525698,0.684317819833412,2.684833006334929,1.2546707652531726,0.037325857356889064,0.21130713141152685,0.9857735440339436,0.14696315159496104,5331722963.440001,1.0168860951984489,2023-04-28,CSMAR公告日,28,261838325899.96,15.180500644474312,3.7242263272428793,55.88235294117647,48.57142857142857,48.57142857142857,51.00840336134454,41.17647058823529,67.74193548387096,54.459203036053125,28.94736842105263,39.473684210526315,50.0,39.473684210526315,97.05882352941177,94.11764705882352,95.58823529411765,54.285714285714285,25.71428571428571,85.71428571428571,55.23809523809524,74.19354838709677,92.10526315789474,83.14940577249575,63.1528378187721,59.153524228027365
2023-06-30,0.3061874256453521,0.10456879895680879,0.20218130461111114,0.1474930686987122,0.06466645488116085,-0.05174920064936628,0.8451435701372785,0.05651574291285244,0.6005850380029872,0.7102660097221829,0.34673346068151606,0.7089743259082507,2.727684734038735,1.2423639324668927,0.04015715993760815,0.219850769918815,1.1148847913670241,0.1644377791242459,4454154494.939999,1.0099670416216526,2023-08-18,CSMAR公告日,49,224133983569.14,13.053407294224625,3.4931667359620007,60.0,47.22222222222222,47.22222222222222,51.48148148148149,14.285714285714285,56.25,35.26785714285714,17.948717948717956,30.769230769230774,30.76923076923077,26.4957264957265,100.0,97.14285714285714,98.57142857142857,66.66666666666666,30.555555555555557,58.333333333333336,51.85185185185185,84.375,97.43589743589743,90.90544871794872,59.09563237688238,52.733669108669105
2023-09-30,0.1628738421001088,0.061027002815773515,0.14835644882829266,0.08997669793921807,-0.14809144754366832,-0.8856880975879969,33.392392286911644,0.02454003424886997,0.5965059650982901,0.7021643028756284,0.35068457785850876,0.6782534168679881,2.7715760753631082,1.1862341814969515,0.04121360515045711,0.21408050569796638,1.7358665619497864,0.1561875413073449,1871411224.3999977,1.0139135753091635,2023-10-28,CSMAR公告日,28,197572385473.35,19.933594621624078,3.029328575520772,38.88888888888889,32.432432432432435,32.432432432432435,34.58458458458459,8.333333333333332,93.93939393939394,51.13636363636363,20.0,25.0,27.500000000000004,24.166666666666668,91.66666666666666,97.22222222222221,94.44444444444443,78.37837837837837,29.72972972972973,70.27027027027027,59.45945945945946,57.57575757575758,97.5,77.53787878787878,56.888232929899594,52.75830375830376
2023-12-31,-0.06334204631098013,-0.02146437873116613,0.031083520675756766,-0.03759554053782947,-0.36684721097225603,-1.205970804974539,-1.3213651833768347,0.012733726426214842,0.6211108999267735,0.6717034015791804,0.3377571218669199,0.5709288501802013,2.679256523366387,1.0147007263457317,0.047670957375795416,0.21458462498344738,-2.3735911336106827,0.08923644168389304,-7122908539.84,1.0194982254685239,2024-04-27,CSMAR公告日,118,242880267721.96,,3.8657934221074672,8.108108108108109,7.894736842105263,7.894736842105263,7.965860597439545,5.405405405405405,5.88235294117647,5.643879173290937,4.878048780487802,34.14634146341463,21.951219512195124,20.32520325203252,51.35135135135135,86.48648648648648,68.91891891891892,7.894736842105263,13.157894736842104,86.8421052631579,35.96491228070176,,85.3658536585366,85.3658536585366,37.364104646820046,27.763754844476733
2024-03-31,-0.08281066130109245,-0.0274913495137264,0.020661213240247604,-0.04804698504054082,0.08569810095538188,-0.9856462271760322,-1.3156327331531936,-0.007194798834737393,0.6358957871995088,0.663277730115597,0.3585597172094335,0.5721763704950457,2.7245521390608687,1.0348447422612335,0.05408831523777054,0.19998897694987705,-3.467163889225382,0.16658677151871526,1044048396.7400017,1.020863300413374,2024-04-27,CSMAR公告日,27,242880267721.96,,3.970109129479279,7.894736842105263,7.6923076923076925,7.6923076923076925,7.759784075573549,21.052631578947366,8.571428571428571,14.81203007518797,4.761904761904773,19.04761904761905,21.428571428571427,15.079365079365084,55.26315789473685,92.10526315789474,73.6842105263158,7.6923076923076925,35.8974358974359,89.74358974358975,44.44444444444445,,80.95238095238095,80.95238095238095,39.4553691922113,31.15596684017737
2024-06-30,-0.01021117471312368,-0.0018453073869949931,0.061386788470133166,-0.003054217584327851,0.10564929657710831,3.029012176519101,-1.0381336378925612,-0.0016799898515602596,0.6180775300232587,0.6826546453119934,0.33202736098807606,0.6041833419019799,2.648323225620438,1.062052316036366,0.05346978564078121,0.20840641657489312,-74.63701209482798,0.22795767478171414,12949565144.729998,1.0199152602778099,2024-08-03,CSMAR公告日,34,241623254140.55,,3.7704621843752655,15.384615384615385,15.0,15.0,15.12820512820513,23.076923076923077,16.666666666666664,19.87179487179487,9.302325581395351,37.2093023255814,30.23255813953488,25.58139534883721,74.35897435897436,79.48717948717949,76.92307692307693,2.5,62.5,85.0,50.0,,86.04651162790698,86.04651162790698,45.591830649970184,37.50089445438283
2024-09-30,0.11725972186383478,0.04599059064894908,0.1308861602682067,0.07024323534803609,0.283261247343362,9.301953695099705,-0.18679372325370736,0.009095105633412537,0.5838269572793864,0.74890103909865,0.32361591495988534,0.6547333764038379,2.690914423669817,1.144411289937363,0.053609429535489465,0.20887574672822476,3.6979061495401506,0.2597528919570987,19043969736.04,1.0196306047654886,2024-10-30,CSMAR公告日,30,239929003767.9,29.76743453167915,3.3205985941079392,40.0,31.70731707317073,29.268292682926827,33.65853658536585,45.0,40.54054054054054,42.770270270270274,27.272727272727266,43.18181818181818,50.0,40.15151515151515,82.5,87.5,85.0,92.6829268292683,68.29268292682927,82.92682926829268,81.30081300813009,41.17647058823529,95.45454545454545,68.31550802139037,58.53277383944529,56.576227003056275
2024-12-31,0.26518290268274597,0.09881155444613339,0.19051074804451149,0.13719080306429915,0.4761099926583019,4.056728744248362,3.1942488048370627,-0.039691142895268317,0.5868011914324892,0.7173736881996811,0.3385083856498006,0.7202491146569205,2.661875078339906,1.2603538046165996,0.049854528883124215,0.22366173134471581,1.983776863116396,0.2721559409513146,25162340402.489998,1.011777067689243,2025-03-20,CSMAR公告日,79,209005510452.02,11.688522217110586,2.901573675814528,58.536585365853654,52.38095238095239,52.38095238095239,54.43283004258614,56.09756097560976,73.68421052631578,64.89088575096277,26.66666666666667,33.33333333333334,40.0,33.333333333333336,100.0,78.04878048780488,89.02439024390245,78.57142857142857,73.80952380952381,54.761904761904766,69.04761904761905,91.42857142857143,97.77777777777777,94.60317460317461,67.55537217026306,62.14581168368075
2025-03-31,0.35995694020557895,0.13171631299458714,0.2266900723193097,0.17601069112323817,0.3726084345040077,2.887877984536048,3.5464067136119475,0.007660310227978417,0.5919915981417095,0.7961130404580723,0.3565452471678308,0.7483426839245962,2.7817264946228693,1.3636655822110537,0.04010684986815522,0.21602297616081154,1.5375957973187588,0.2706332989542612,29546931724.369995,1.0158966375242373,2025-04-25,CSMAR公告日,25,218674617971.19,8.834885696908806,2.8642478253807933,76.19047619047619,58.139534883720934,60.46511627906976,64.93170911775563,50.0,76.92307692307693,63.46153846153847,26.08695652173914,21.73913043478261,58.69565217391305,35.5072463768116,100.0,97.61904761904762,98.80952380952381,69.76744186046511,69.76744186046511,72.09302325581395,70.54263565891472,94.44444444444444,97.82608695652173,96.13526570048309,71.56465318750456,66.65053068490884
2025-06-30,0.38704706234151565,0.15178071493417955,0.2311741606646814,0.18211170576585867,0.32056729809557805,0.8823502436434607,41.124432494269655,-0.02684888872911828,0.560568289677149,0.7933079371430248,0.3456161213953847,0.8334484282373603,3.0628155926560856,1.48028439527773,0.04380147503776569,0.21003908866651388,1.3739745169620823,0.2502168429627865,27813460348.470005,1.016707974718718,2025-08-21,CSMAR公告日,52,274285682202.1,9.94436406896178,3.4966583225217693,76.74418604651163,59.09090909090909,61.36363636363637,65.73291050035236,44.18604651162791,97.5,70.84302325581396,44.680851063829785,34.04255319148936,55.319148936170215,44.680851063829785,100.0,100.0,100.0,65.9090909090909,63.63636363636363,75.0,68.18181818181817,91.89189189189189,87.23404255319149,89.56296722254169,73.166928370726,69.88772060036285
2025-09-30,0.2974563053005422,0.12252614087445181,0.19942981812034563,0.1490013894248566,-0.11480521939209998,-0.5597854746888157,1.751709077439242,-0.05497518593214257,0.5549810080002754,0.7884783802564893,0.32819389894246587,0.8223154250265792,3.202645295712839,1.4645469628033787,0.0428301403186816,0.20204201001617345,1.6209862632629928,0.2415292054647923,27442508018.78,1.0206761750440323,2025-10-31,CSMAR公告日,31,274777382758.7,12.38902480510337,3.5745570506467232,59.09090909090909,51.11111111111111,53.333333333333336,54.51178451178452,11.363636363636363,60.97560975609756,36.169623059866964,47.916666666666664,45.833333333333336,52.083333333333336,48.611111111111114,97.72727272727273,100.0,98.86363636363637,75.55555555555556,62.22222222222222,88.88888888888889,75.55555555555556,81.57894736842105,85.41666666666667,83.49780701754386,66.20158626991639,62.7423421203909
2025-12-31,0.20687664181095713,0.08799257563813498,0.17818111080108587,0.10969385925258637,-0.2141468964014117,-0.9043286587913342,-0.1339038281558731,-0.0847734895504727,0.5415076238109868,0.7814420556892079,0.3527628361455236,0.8021650093969165,2.9934335077854426,1.3901163754271464,0.039578298877316224,0.21647375787188225,1.900868564406164,0.20851360876163566,20527257262.54,1.0325702553542142,2026-03-28,CSMAR公告日,87,260939357547.2,16.849046930521315,3.358757780064146,46.666666666666664,47.82608695652174,43.47826086956522,45.990338164251206,6.666666666666667,38.095238095238095,22.38095238095238,53.06122448979592,22.448979591836732,51.02040816326531,42.176870748299315,95.55555555555556,95.55555555555556,95.55555555555556,78.26086956521739,50.0,97.82608695652173,75.3623188405797,61.53846153846153,89.79591836734694,75.66718995290424,59.52220427375706,56.29320713792763
2026-03-31,0.1195527283500585,0.05312324276873744,0.1498577517824833,0.0722608970926049,-0.17103041649084383,-1.2705000164139153,-0.6048301412085912,-0.10583962585959439,0.507311648405997,0.9132496256343472,0.34252059234281845,0.7351589159024434,2.843399355393993,1.345666290049515,0.04052039758659394,0.2240319053096585,2.169447968668781,0.15676625641173553,10476844173.47,1.0315001237536112,2026-04-22,CSMAR公告日,22,258168322089.6,26.3950019860695,2.9579482198043827,36.95652173913043,36.17021276595745,27.659574468085108,33.595436324390995,10.869565217391305,25.581395348837212,18.22548028311426,72.0,36.0,78.0,62.0,91.30434782608695,93.47826086956522,92.3913043478261,85.1063829787234,27.659574468085108,95.74468085106383,69.50354609929077,42.50000000000001,94.0,68.25,57.32762784243702,55.14315341092443
2026-06-30,-0.01413126469237848,-0.0058801857223578745,0.08030288980356429,-0.008363151423491474,-0.26941756361361,-1.8052405074605842,-1.0406356382224566,-0.06109239046453141,0.5417927091336053,0.7902032488031359,0.3609679741232603,0.7031064516948561,3.0179673701312613,1.266878659970993,0.05105911076397447,0.21876601312167954,-9.861480798248099,0.08247305717560242,-342363388.6100025,1.0399164405767674,2026-08-21,CSMAR公告日,52,225550959346.08,,2.812825483007987,10.638297872340425,18.75,12.5,13.962765957446807,6.382978723404255,13.636363636363635,10.009671179883945,50.98039215686275,15.686274509803923,52.94117647058824,39.86928104575164,82.97872340425532,95.74468085106383,89.36170212765958,6.25,8.333333333333332,100.0,38.19444444444444,,98.03921568627452,98.03921568627452,48.23951340691016,38.27957295103729
